Concurrent Viewers,Likes,Dislikes,Total Viewers,Subscriptions Driven,Shares,Timestamp,Quality,,,,Device,,,,,Anticpation/Popularity,Category,,,Region,,,,SourceRegion
a,a,a,a,a,a,a,240p,360,720,1080p,Laptops/Desktop,Android,iPhone,Xbox,Playstation,,News,Sports,Entertainment,Tokyo,Australia,London,America,g
3836,519,65,10/6/2014 14:18,a,a,a,1,1,1,1,1,0,0,0,0,0.1,1,0,0,1,1,1,1,0
3846,519,65,10/6/2014 14:19,a,a,a,1,1,1,1,1,0,0,0,0,0.1,1,0,0,1,1,1,1,0
3870,519,65,10/6/2014 14:19,a,a,a,1,1,1,1,1,0,0,0,0,0.1,1,0,0,1,1,1,1,0
3855,519,65,10/6/2014 14:20,a,a,a,1,1,1,1,1,0,0,0,0,0.1,1,0,0,1,1,1,1,0
3871,519,65,10/6/2014 14:20,a,a,a,1,1,1,1,1,0,0,0,0,0.1,1,0,0,1,1,1,1,0
3879,519,65,10/6/2014 14:21,a,a,a,1,1,1,1,1,0,0,0,0,0.1,1,0,0,1,1,1,1,0
3885,519,65,10/6/2014 14:21,a,a,a,1,1,1,1,1,0,0,0,0,0.1,1,0,0,1,1,1,1,0
3874,519,65,10/6/2014 14:22,a,a,a,1,1,1,1,1,0,0,0,0,0.1,1,0,0,1,1,1,1,0
3874,519,65,10/6/2014 14:22,a,a,a,1,1,1,1,1,0,0,0,0,0.1,1,0,0,1,1,1,1,0
3875,519,65,10/6/2014 14:23,a,a,a,1,1,1,1,1,0,0,0,0,0.1,1,0,0,1,1,1,1,0
3861,519,65,10/6/2014 14:23,a,a,a,1,1,1,1,1,0,0,0,0,0.1,1,0,0,1,1,1,1,0
3850,519,65,10/6/2014 14:24,a,a,a,1,1,1,1,1,0,0,0,0,0.1,1,0,0,1,1,1,1,0
3840,519,65,10/6/2014 14:25,a,a,a,1,1,1,1,1,0,0,0,0,0.1,1,0,0,1,1,1,1,0
3841,519,65,10/6/2014 14:25,a,a,a,1,1,1,1,1,0,0,0,0,0.1,1,0,0,1,1,1,1,1
3842,519,65,10/6/2014 14:26,a,a,a,1,1,1,1,1,0,0,0,0,0.1,1,0,0,1,1,1,1,1
3839,519,65,10/6/2014 14:26,a,a,a,1,1,1,1,1,0,0,0,0,0.1,1,0,0,1,1,1,1,1
3827,519,65,10/6/2014 14:27,a,a,a,1,1,1,1,1,0,0,0,0,0.1,1,0,0,1,1,1,1,1
3828,519,65,10/6/2014 14:27,a,a,a,1,1,1,1,1,0,0,0,0,0.1,1,0,0,1,1,1,1,1
3810,519,65,10/6/2014 14:28,a,a,a,1,1,1,1,1,0,0,0,0,0.1,1,0,0,1,1,1,1,1
3798,519,65,10/6/2014 14:28,a,a,a,1,1,1,1,1,0,0,0,0,0.1,1,0,0,1,1,1,1,1
3797,519,65,10/6/2014 14:29,a,a,a,1,1,1,1,1,0,0,0,0,0.1,1,0,0,1,1,1,1,1
3805,519,65,10/6/2014 14:29,a,a,a,1,1,1,1,1,0,0,0,0,0.1,1,0,0,1,1,1,1,1
3803,520,65,10/6/2014 14:30,a,a,a,1,1,1,1,1,0,0,0,0,0.1,1,0,0,1,1,1,1,1
3806,520,65,10/6/2014 14:30,a,a,a,1,1,1,1,1,0,0,0,0,0.1,1,0,0,1,1,1,1,1
3795,520,65,10/6/2014 14:31,a,a,a,1,1,1,1,1,0,0,0,0,0.1,1,0,0,1,1,1,1,1
3782,520,65,10/6/2014 14:31,a,a,a,1,1,1,1,1,0,0,0,0,0.1,1,0,0,1,1,1,1,0
3776,520,65,10/6/2014 14:32,a,a,a,1,1,1,1,1,0,0,0,0,0.1,1,0,0,1,1,1,1,0
3750,520,65,10/6/2014 14:32,a,a,a,1,1,1,1,1,0,0,0,0,0.1,1,0,0,1,1,1,1,0
3762,520,65,10/6/2014 14:33,a,a,a,1,1,1,1,1,0,0,0,0,0.1,1,0,0,1,1,1,1,0
3761,520,65,10/6/2014 14:33,a,a,a,1,1,1,1,1,0,0,0,0,0.1,1,0,0,1,1,1,1,0
3759,521,65,10/6/2014 14:34,a,a,a,1,1,1,1,1,0,0,0,0,0.1,1,0,0,1,1,1,1,0
3746,521,66,10/6/2014 14:34,a,a,a,1,1,1,1,1,0,0,0,0,0.1,1,0,0,1,1,1,1,0
3745,521,66,10/6/2014 14:35,a,a,a,1,1,1,1,1,0,0,0,0,0.1,1,0,0,1,1,1,1,0
3748,521,66,10/6/2014 14:35,a,a,a,1,1,1,1,1,0,0,0,0,0.1,1,0,0,1,1,1,1,0
3738,521,66,10/6/2014 14:36,a,a,a,1,1,1,1,1,0,0,0,0,0.1,1,0,0,1,1,1,1,0
3741,521,66,10/6/2014 14:36,a,a,a,1,1,1,1,1,0,0,0,0,0.1,1,0,0,1,1,1,1,0
3729,521,66,10/6/2014 14:37,a,a,a,1,1,1,1,1,0,0,0,0,0.1,1,0,0,1,1,1,1,0
3747,521,66,10/6/2014 14:37,a,a,a,1,1,1,1,1,0,0,0,0,0.1,1,0,0,1,1,1,1,0
3737,521,66,10/6/2014 14:38,a,a,a,1,1,1,1,1,0,0,0,0,0.1,1,0,0,1,1,1,1,0
3733,521,66,10/6/2014 14:38,a,a,a,1,1,1,1,1,0,0,0,0,0.1,1,0,0,1,1,1,1,0
3727,521,66,10/6/2014 14:39,a,a,a,1,1,1,1,1,0,0,0,0,0.1,1,0,0,1,1,1,1,0
3742,521,66,10/6/2014 14:39,a,a,a,1,1,1,1,1,0,0,0,0,0.1,1,0,0,1,1,1,1,0
3728,521,66,10/6/2014 14:40,a,a,a,1,1,1,1,1,0,0,0,0,0.1,1,0,0,1,1,1,1,0
3739,521,66,10/6/2014 14:40,a,a,a,1,1,1,1,1,0,0,0,0,0.1,1,0,0,1,1,1,1,0
3718,521,66,10/6/2014 14:41,a,a,a,1,1,1,1,1,0,0,0,0,0.1,1,0,0,1,1,1,1,0
3732,521,66,10/6/2014 14:41,a,a,a,1,1,1,1,1,0,0,0,0,0.1,1,0,0,1,1,1,1,0
3727,521,66,10/6/2014 14:42,a,a,a,1,1,1,1,1,0,0,0,0,0.1,1,0,0,1,1,1,1,0
3719,521,66,10/6/2014 14:42,a,a,a,1,1,1,1,1,0,0,0,0,0.1,1,0,0,1,1,1,1,0
3730,521,66,10/6/2014 14:43,a,a,a,1,1,1,1,1,0,0,0,0,0.1,1,0,0,1,1,1,1,0
3725,521,66,10/6/2014 14:43,a,a,a,1,1,1,1,1,0,0,0,0,0.1,1,0,0,1,1,1,1,0
3726,522,66,10/6/2014 14:44,a,a,a,1,1,1,1,1,0,0,0,0,0.1,1,0,0,1,1,1,1,0
3726,522,66,10/6/2014 14:44,a,a,a,1,1,1,1,1,0,0,0,0,0.1,1,0,0,1,1,1,1,0
3717,522,66,10/6/2014 14:45,a,a,a,1,1,1,1,1,0,0,0,0,0.1,1,0,0,1,1,1,1,0
3729,522,66,10/6/2014 14:45,a,a,a,1,1,1,1,1,0,0,0,0,0.1,1,0,0,1,1,1,1,0
3718,522,66,10/6/2014 14:46,a,a,a,1,1,1,1,1,0,0,0,0,0.1,1,0,0,1,1,1,1,0
3708,522,66,10/6/2014 14:46,a,a,a,1,1,1,1,1,0,0,0,0,0.1,1,0,0,1,1,1,1,0
3712,522,66,10/6/2014 14:47,a,a,a,1,1,1,1,1,0,0,0,0,0.1,1,0,0,1,1,1,1,0
3708,522,66,10/6/2014 14:47,a,a,a,1,1,1,1,1,0,0,0,0,0.1,1,0,0,1,1,1,1,0
3722,522,67,10/6/2014 14:48,a,a,a,1,1,1,1,1,0,0,0,0,0.1,1,0,0,1,1,1,1,0
3704,522,67,10/6/2014 14:48,a,a,a,1,1,1,1,1,0,0,0,0,0.1,1,0,0,1,1,1,1,0
3701,522,67,10/6/2014 14:49,a,a,a,1,1,1,1,1,0,0,0,0,0.1,1,0,0,1,1,1,1,0
3699,522,67,10/6/2014 14:49,a,a,a,1,1,1,1,1,0,0,0,0,0.1,1,0,0,1,1,1,1,0
3685,522,67,10/6/2014 14:50,a,a,a,1,1,1,1,1,0,0,0,0,0.1,1,0,0,1,1,1,1,0
3668,522,67,10/6/2014 14:50,a,a,a,1,1,1,1,1,0,0,0,0,0.1,1,0,0,1,1,1,1,1
3666,522,67,10/6/2014 14:51,a,a,a,1,1,1,1,1,0,0,0,0,0.1,1,0,0,1,1,1,1,1
3676,522,67,10/6/2014 14:51,a,a,a,1,1,1,1,1,0,0,0,0,0.1,1,0,0,1,1,1,1,1
3662,522,67,10/6/2014 14:52,a,a,a,1,1,1,1,1,0,0,0,0,0.1,1,0,0,1,1,1,1,1
3666,523,67,10/6/2014 14:52,a,a,a,1,1,1,1,1,0,0,0,0,0.1,1,0,0,1,1,1,1,1
3645,523,67,10/6/2014 14:53,a,a,a,1,1,1,1,1,0,0,0,0,0.1,1,0,0,1,1,1,1,1
3660,523,67,10/6/2014 14:53,a,a,a,1,1,1,1,1,0,0,0,0,0.1,1,0,0,1,1,1,1,1
3646,523,67,10/6/2014 14:54,a,a,a,1,1,1,1,1,0,0,0,0,0.1,1,0,0,1,1,1,1,1
3630,523,67,10/6/2014 14:54,a,a,a,1,1,1,1,1,0,0,0,0,0.1,1,0,0,1,1,1,1,1
3634,523,67,10/6/2014 14:55,a,a,a,1,1,1,1,1,0,0,0,0,0.1,1,0,0,1,1,1,1,1
3636,523,67,10/6/2014 14:55,a,a,a,1,1,1,1,1,0,0,0,0,0.1,1,0,0,1,1,1,1,0
3643,523,67,10/6/2014 14:56,a,a,a,1,1,1,1,1,0,0,0,0,0.1,1,0,0,1,1,1,1,0
3635,523,67,10/6/2014 14:56,a,a,a,1,1,1,1,1,0,0,0,0,0.1,1,0,0,1,1,1,1,0
3639,523,67,10/6/2014 14:57,a,a,a,1,1,1,1,1,0,0,0,0,0.1,1,0,0,1,1,1,1,0
3636,523,67,10/6/2014 14:57,a,a,a,1,1,1,1,1,0,0,0,0,0.1,1,0,0,1,1,1,1,0
3638,523,67,10/6/2014 14:58,a,a,a,1,1,1,1,1,0,0,0,0,0.1,1,0,0,1,1,1,1,0
3626,523,67,10/6/2014 14:58,a,a,a,1,1,1,1,1,0,0,0,0,0.1,1,0,0,1,1,1,1,0
3615,523,67,10/6/2014 14:59,a,a,a,1,1,1,1,1,0,0,0,0,0.1,1,0,0,1,1,1,1,0
3610,523,67,10/6/2014 14:59,a,a,a,1,1,1,1,1,0,0,0,0,0.1,1,0,0,1,1,1,1,0
3589,524,67,10/6/2014 15:00,a,a,a,1,1,1,1,1,0,0,0,0,0.1,1,0,0,1,1,1,1,0
3595,524,67,10/6/2014 15:00,a,a,a,1,1,1,1,1,0,0,0,0,0.1,1,0,0,1,1,1,1,0
3599,524,67,10/6/2014 15:01,a,a,a,1,1,1,1,1,0,0,0,0,0.1,1,0,0,1,1,1,1,0
3596,524,67,10/6/2014 15:01,a,a,a,1,1,1,1,1,0,0,0,0,0.1,1,0,0,1,1,1,1,0
3602,524,67,10/6/2014 15:02,a,a,a,1,1,1,1,1,0,0,0,0,0.1,1,0,0,1,1,1,1,0
3586,524,67,10/6/2014 15:02,a,a,a,1,1,1,1,1,0,0,0,0,0.1,1,0,0,1,1,1,1,0
3587,524,67,10/6/2014 15:03,a,a,a,1,1,1,1,1,0,0,0,0,0.1,1,0,0,1,1,1,1,0
3588,524,67,10/6/2014 15:03,a,a,a,1,1,1,1,1,0,0,0,0,0.1,1,0,0,1,1,1,1,0
3583,524,67,10/6/2014 15:04,a,a,a,1,1,1,1,1,0,0,0,0,0.1,1,0,0,1,1,1,1,0
3569,524,67,10/6/2014 15:04,a,a,a,1,1,1,1,1,0,0,0,0,0.1,1,0,0,1,1,1,1,0
3560,524,67,10/6/2014 15:05,a,a,a,1,1,1,1,1,0,0,0,0,0.1,1,0,0,1,1,1,1,0
3571,524,67,10/6/2014 15:05,a,a,a,1,1,1,1,1,0,0,0,0,0.1,1,0,0,1,1,1,1,0
3580,524,67,10/6/2014 15:06,a,a,a,1,1,1,1,1,0,0,0,0,0.1,1,0,0,1,1,1,1,0
3580,524,67,10/6/2014 15:06,a,a,a,1,1,1,1,1,0,0,0,0,0.1,1,0,0,1,1,1,1,0
3575,524,67,10/6/2014 15:07,a,a,a,1,1,1,1,1,0,0,0,0,0.1,1,0,0,1,1,1,1,0
3567,524,67,10/6/2014 15:08,a,a,a,1,1,1,1,1,0,0,0,0,0.1,1,0,0,1,1,1,1,0
3555,524,67,10/6/2014 15:08,a,a,a,1,1,1,1,1,0,0,0,0,0.1,1,0,0,1,1,1,1,0
3562,524,67,10/6/2014 15:09,a,a,a,1,1,1,1,1,0,0,0,0,0.1,1,0,0,1,1,1,1,0
3554,524,67,10/6/2014 15:09,a,a,a,1,1,1,1,1,0,0,0,0,0.1,1,0,0,1,1,1,1,0
3541,524,67,10/6/2014 15:10,a,a,a,1,1,1,1,1,0,0,0,0,0.1,1,0,0,1,1,1,1,0
3544,524,67,10/6/2014 15:10,a,a,a,1,1,1,1,1,0,0,0,0,0.1,1,0,0,1,1,1,1,0
3550,524,67,10/6/2014 15:11,a,a,a,1,1,1,1,1,0,0,0,0,0.1,1,0,0,1,1,1,1,0
3539,524,67,10/6/2014 15:11,a,a,a,1,1,1,1,1,0,0,0,0,0.1,1,0,0,1,1,1,1,0
3551,524,67,10/6/2014 15:12,a,a,a,1,1,1,1,1,0,0,0,0,0.1,1,0,0,1,1,1,1,0
3546,524,67,10/6/2014 15:12,a,a,a,1,1,1,1,1,0,0,0,0,0.1,1,0,0,1,1,1,1,0
3545,524,67,10/6/2014 15:13,a,a,a,1,1,1,1,1,0,0,0,0,0.1,1,0,0,1,1,1,1,0
3539,524,67,10/6/2014 15:13,a,a,a,1,1,1,1,1,0,0,0,0,0.1,1,0,0,1,1,1,1,0
3526,524,67,10/6/2014 15:14,a,a,a,1,1,1,1,1,0,0,0,0,0.1,1,0,0,1,1,1,1,0
3516,524,67,10/6/2014 15:14,a,a,a,1,1,1,1,1,0,0,0,0,0.1,1,0,0,1,1,1,1,0
3510,524,67,10/6/2014 15:15,a,a,a,1,1,1,1,1,0,0,0,0,0.1,1,0,0,1,1,1,1,0
3506,524,68,10/6/2014 15:15,a,a,a,1,1,1,1,1,0,0,0,0,0.1,1,0,0,1,1,1,1,0
3502,525,68,10/6/2014 15:16,a,a,a,1,1,1,1,1,0,0,0,0,0.1,1,0,0,1,1,1,1,0
3476,525,68,10/6/2014 15:16,a,a,a,1,1,1,1,1,0,0,0,0,0.1,1,0,0,1,1,1,1,0
3514,525,68,10/6/2014 15:17,a,a,a,1,1,1,1,1,0,0,0,0,0.1,1,0,0,1,1,1,1,0
3497,525,68,10/6/2014 15:17,a,a,a,1,1,1,1,1,0,0,0,0,0.1,1,0,0,1,1,1,1,0
3484,525,68,10/6/2014 15:18,a,a,a,1,1,1,1,1,0,0,0,0,0.1,1,0,0,1,1,1,1,0
3486,525,68,10/6/2014 15:18,a,a,a,1,1,1,1,1,0,0,0,0,0.1,1,0,0,1,1,1,1,0
3483,525,68,10/6/2014 15:19,a,a,a,1,1,1,1,1,0,0,0,0,0.1,1,0,0,1,1,1,1,0
3490,525,68,10/6/2014 15:19,a,a,a,1,1,1,1,1,0,0,0,0,0.1,1,0,0,1,1,1,1,0
3474,525,68,10/6/2014 15:20,a,a,a,1,1,1,1,1,0,0,0,0,0.1,1,0,0,1,1,1,1,0
3474,525,68,10/6/2014 15:20,a,a,a,1,1,1,1,1,0,0,0,0,0.1,1,0,0,1,1,1,1,0
3474,525,68,10/6/2014 15:21,a,a,a,1,1,1,1,1,0,0,0,0,0.1,1,0,0,1,1,1,1,0
3500,525,68,10/6/2014 15:21,a,a,a,1,1,1,1,1,0,0,0,0,0.1,1,0,0,1,1,1,1,0
3491,525,68,10/6/2014 15:22,a,a,a,1,1,1,1,1,0,0,0,0,0.1,1,0,0,1,1,1,1,0
3493,525,68,10/6/2014 15:22,a,a,a,1,1,1,1,1,0,0,0,0,0.1,1,0,0,1,1,1,1,0
3508,525,68,10/6/2014 15:23,a,a,a,1,1,1,1,1,0,0,0,0,0.05,1,0,0,1,1,1,1,0
3512,525,68,10/6/2014 15:23,a,a,a,1,1,1,1,1,0,0,0,0,0.05,1,0,0,1,1,1,1,0
3510,525,68,10/6/2014 15:24,a,a,a,1,1,1,1,1,0,0,0,0,0.05,1,0,0,1,1,1,1,0
3496,525,68,10/6/2014 15:24,a,a,a,1,1,1,1,1,0,0,0,0,0.05,1,0,0,1,1,1,1,0
3488,525,68,10/6/2014 15:25,a,a,a,1,1,1,1,1,0,0,0,0,0.05,1,0,0,1,1,1,1,0
3504,525,68,10/6/2014 15:25,a,a,a,1,1,1,1,1,0,0,0,0,0.05,1,0,0,1,1,1,1,0
3491,525,68,10/6/2014 15:26,a,a,a,1,1,1,1,1,0,0,0,0,0.05,1,0,0,1,1,1,1,0
3478,525,68,10/6/2014 15:26,a,a,a,1,1,1,1,1,0,0,0,0,0.05,1,0,0,1,1,1,1,0
3484,525,68,10/6/2014 15:27,a,a,a,1,1,1,1,1,0,0,0,0,0.05,1,0,0,1,1,1,1,0
3479,525,68,10/6/2014 15:27,a,a,a,1,1,1,1,1,0,0,0,0,0.05,1,0,0,1,1,1,1,0
3494,525,68,10/6/2014 15:28,a,a,a,1,1,1,1,1,0,0,0,0,0.05,1,0,0,1,1,1,1,0
3498,525,68,10/6/2014 15:28,a,a,a,1,1,1,1,1,0,0,0,0,0.05,1,0,0,1,1,1,1,0
3511,525,68,10/6/2014 15:29,a,a,a,1,1,1,1,1,0,0,0,0,0.05,1,0,0,1,1,1,1,0
3488,525,68,10/6/2014 15:29,a,a,a,1,1,1,1,1,0,0,0,0,0.05,1,0,0,1,1,1,1,0
3492,525,68,10/6/2014 15:30,a,a,a,1,1,1,1,1,0,0,0,0,0.05,1,0,0,1,1,1,1,0
3488,525,68,10/6/2014 15:30,a,a,a,1,1,1,1,1,0,0,0,0,0.05,1,0,0,1,1,1,1,0
3512,525,68,10/6/2014 15:31,a,a,a,1,1,1,1,1,0,0,0,0,0.05,1,0,0,1,1,1,1,0
3521,525,68,10/6/2014 15:31,a,a,a,1,1,1,1,1,0,0,0,0,0.05,1,0,0,1,1,1,1,0
3521,526,68,10/6/2014 15:32,a,a,a,1,1,1,1,1,0,0,0,0,0.05,1,0,0,1,1,1,1,0
3498,526,68,10/6/2014 15:32,a,a,a,1,1,1,1,1,0,0,0,0,0.05,1,0,0,1,1,1,1,0
3507,526,68,10/6/2014 15:33,a,a,a,1,1,1,1,1,0,0,0,0,0.05,1,0,0,1,1,1,1,0
3499,526,68,10/6/2014 15:33,a,a,a,1,1,1,1,1,0,0,0,0,0.05,1,0,0,1,1,1,1,0
3498,526,68,10/6/2014 15:34,a,a,a,1,1,1,1,1,0,0,0,0,0.05,1,0,0,1,1,1,1,1
3501,526,68,10/6/2014 15:34,a,a,a,1,1,1,1,1,0,0,0,0,0.05,1,0,0,1,1,1,1,1
3491,526,68,10/6/2014 15:35,a,a,a,1,1,1,1,1,0,0,0,0,0.05,1,0,0,1,1,1,1,0
3476,526,68,10/6/2014 15:35,a,a,a,1,1,1,1,1,0,0,0,0,0.05,1,0,0,1,1,1,1,0
3459,526,68,10/6/2014 15:36,a,a,a,1,1,1,1,1,0,0,0,0,0.05,1,0,0,1,1,1,1,0
3469,526,68,10/6/2014 15:36,a,a,a,1,1,1,1,1,0,0,0,0,0.05,1,0,0,1,1,1,1,0
3461,526,68,10/6/2014 15:37,a,a,a,1,1,1,1,1,0,0,0,0,0.05,1,0,0,1,1,1,1,0
3470,526,68,10/6/2014 15:37,a,a,a,1,1,1,1,1,0,0,0,0,0.05,1,0,0,1,1,1,1,0
3461,526,68,10/6/2014 15:38,a,a,a,1,1,1,1,1,0,0,0,0,0.05,1,0,0,1,1,1,1,0
3454,526,68,10/6/2014 15:38,a,a,a,1,1,1,1,1,0,0,0,0,0.05,1,0,0,1,1,1,1,0
3452,526,68,10/6/2014 15:39,a,a,a,1,1,1,1,1,0,0,0,0,0.05,1,0,0,1,1,1,1,0
3467,526,68,10/6/2014 15:39,a,a,a,1,1,1,1,1,0,0,0,0,0.05,1,0,0,1,1,1,1,0
3452,526,68,10/6/2014 15:40,a,a,a,1,1,1,1,1,0,0,0,0,0.05,1,0,0,1,1,1,1,0
3463,527,68,10/6/2014 15:40,a,a,a,1,1,1,1,1,0,0,0,0,0.05,1,0,0,1,1,1,1,0
3468,527,68,10/6/2014 15:41,a,a,a,1,1,1,1,1,0,0,0,0,0.05,1,0,0,1,1,1,1,0
3488,527,68,10/6/2014 15:41,a,a,a,1,1,1,1,1,0,0,0,0,0.05,1,0,0,1,1,1,1,0
3474,527,68,10/6/2014 15:42,a,a,a,1,1,1,1,1,0,0,0,0,0.05,1,0,0,1,1,1,1,0
3481,528,68,10/6/2014 15:42,a,a,a,1,1,1,1,1,0,0,0,0,0.05,1,0,0,1,1,1,1,0
3474,528,68,10/6/2014 15:43,a,a,a,1,1,1,1,1,0,0,0,0,0.05,1,0,0,1,1,1,1,0
3479,528,68,10/6/2014 15:43,a,a,a,1,1,1,1,1,0,0,0,0,0.05,1,0,0,1,1,1,1,0
3489,528,68,10/6/2014 15:44,a,a,a,1,1,1,1,1,0,0,0,0,0.05,1,0,0,1,1,1,1,0
3499,528,68,10/6/2014 15:44,a,a,a,1,1,1,1,1,0,0,0,0,0.05,1,0,0,1,1,1,1,0
3507,528,68,10/6/2014 15:45,a,a,a,1,1,1,1,1,0,0,0,0,0.05,1,0,0,1,1,1,1,0
3518,528,68,10/6/2014 15:45,a,a,a,1,1,1,1,1,0,0,0,0,0.05,1,0,0,1,1,1,1,0
3516,528,68,10/6/2014 15:46,a,a,a,1,1,1,1,1,0,0,0,0,0.05,1,0,0,1,1,1,1,0
3509,528,68,10/6/2014 15:46,a,a,a,1,1,1,1,1,0,0,0,0,0.05,1,0,0,1,1,1,1,0
3522,528,68,10/6/2014 15:47,a,a,a,1,1,1,1,1,0,0,0,0,0.05,1,0,0,1,1,1,1,0
3515,528,68,10/6/2014 15:47,a,a,a,1,1,1,1,1,0,0,0,0,0.05,1,0,0,1,1,1,1,0
3500,528,68,10/6/2014 15:48,a,a,a,1,1,1,1,1,0,0,0,0,0.05,1,0,0,1,1,1,1,0
3529,528,68,10/6/2014 15:48,a,a,a,1,1,1,1,1,0,0,0,0,0.05,1,0,0,1,1,1,1,0
3525,528,68,10/6/2014 15:49,a,a,a,1,1,1,1,1,0,0,0,0,0.05,1,0,0,1,1,1,1,0
3525,528,68,10/6/2014 15:49,a,a,a,1,1,1,1,1,0,0,0,0,0.05,1,0,0,1,1,1,1,0
3519,528,68,10/6/2014 15:50,a,a,a,1,1,1,1,1,0,0,0,0,0.05,1,0,0,1,1,1,1,0
3540,528,68,10/6/2014 15:50,a,a,a,1,1,1,1,1,0,0,0,0,0.05,1,0,0,1,1,1,1,0
3541,528,68,10/6/2014 15:51,a,a,a,1,1,1,1,1,0,0,0,0,0.05,1,0,0,1,1,1,1,0
3554,529,68,10/6/2014 15:52,a,a,a,1,1,1,1,1,0,0,0,0,0.05,1,0,0,1,1,1,1,0
3566,529,68,10/6/2014 15:52,a,a,a,1,1,1,1,1,0,0,0,0,0.05,1,0,0,1,1,1,1,0
3571,529,68,10/6/2014 15:53,a,a,a,1,1,1,1,1,0,0,0,0,0.05,1,0,0,1,1,1,1,0
3552,530,68,10/6/2014 15:53,a,a,a,1,1,1,1,1,0,0,0,0,0.05,1,0,0,1,1,1,1,0
3540,530,68,10/6/2014 15:54,a,a,a,1,1,1,1,1,0,0,0,0,0.05,1,0,0,1,1,1,1,0
3551,530,68,10/6/2014 15:54,a,a,a,1,1,1,1,1,0,0,0,0,0.05,1,0,0,1,1,1,1,0
3522,530,68,10/6/2014 15:55,a,a,a,1,1,1,1,1,0,0,0,0,0.05,1,0,0,1,1,1,1,0
3532,531,68,10/6/2014 15:55,a,a,a,1,1,1,1,1,0,0,0,0,0.05,1,0,0,1,1,1,1,0
3531,531,68,10/6/2014 15:56,a,a,a,1,1,1,1,1,0,0,0,0,0.05,1,0,0,1,1,1,1,0
3522,531,68,10/6/2014 15:56,a,a,a,1,1,1,1,1,0,0,0,0,0.05,1,0,0,1,1,1,1,0
3532,531,68,10/6/2014 15:57,a,a,a,1,1,1,1,1,0,0,0,0,0.05,1,0,0,1,1,1,1,0
3529,531,68,10/6/2014 15:57,a,a,a,1,1,1,1,1,0,0,0,0,0.05,1,0,0,1,1,1,1,0
3527,531,68,10/6/2014 15:58,a,a,a,1,1,1,1,1,0,0,0,0,0.05,1,0,0,1,1,1,1,0
3508,531,68,10/6/2014 15:58,a,a,a,1,1,1,1,1,0,0,0,0,0.05,1,0,0,1,1,1,1,0
3514,531,68,10/6/2014 15:59,a,a,a,1,1,1,1,1,0,0,0,0,0.05,1,0,0,1,1,1,1,0
3497,531,68,10/6/2014 15:59,a,a,a,1,1,1,1,1,0,0,0,0,0.05,1,0,0,1,1,1,1,0
3498,531,68,10/6/2014 16:00,a,a,a,1,1,1,1,1,0,0,0,0,0.05,1,0,0,1,1,1,1,1
3513,531,68,10/6/2014 16:00,a,a,a,1,1,1,1,1,0,0,0,0,0.05,1,0,0,1,1,1,1,1
3505,531,68,10/6/2014 16:01,a,a,a,1,1,1,1,1,0,0,0,0,0.05,1,0,0,1,1,1,1,1
3485,531,68,10/6/2014 16:01,a,a,a,1,1,1,1,1,0,0,0,0,0.05,1,0,0,1,1,1,1,1
3475,531,67,10/6/2014 16:02,a,a,a,1,1,1,1,1,0,0,0,0,0.05,1,0,0,1,1,1,1,1
3480,531,67,10/6/2014 16:02,a,a,a,1,1,1,1,1,0,0,0,0,0.05,1,0,0,1,1,1,1,1
3464,531,67,10/6/2014 16:03,a,a,a,1,1,1,1,1,0,0,0,0,0.05,1,0,0,1,1,1,1,1
3446,532,67,10/6/2014 16:03,a,a,a,1,1,1,1,1,0,0,0,0,0.05,1,0,0,1,1,1,1,1
3446,532,67,10/6/2014 16:04,a,a,a,1,1,1,1,1,0,0,0,0,0.05,1,0,0,1,1,1,1,1
3454,532,67,10/6/2014 16:04,a,a,a,1,1,1,1,1,0,0,0,0,0.05,1,0,0,1,1,1,1,1
3459,532,67,10/6/2014 16:05,a,a,a,1,1,1,1,1,0,0,0,0,0.05,1,0,0,1,1,1,1,1
3474,533,67,10/6/2014 16:05,a,a,a,1,1,1,1,1,0,0,0,0,0.05,1,0,0,1,1,1,1,1
3458,533,67,10/6/2014 16:06,a,a,a,1,1,1,1,1,0,0,0,0,0.05,1,0,0,1,1,1,1,0
3464,533,67,10/6/2014 16:06,a,a,a,1,1,1,1,1,0,0,0,0,0.05,1,0,0,1,1,1,1,0
3480,533,67,10/6/2014 16:07,a,a,a,1,1,1,1,1,0,0,0,0,0.05,1,0,0,1,1,1,1,0
3479,533,67,10/6/2014 16:07,a,a,a,1,1,1,1,1,0,0,0,0,0.05,1,0,0,1,1,1,1,0
3478,533,67,10/6/2014 16:08,a,a,a,1,1,1,1,1,0,0,0,0,0.05,1,0,0,1,1,1,1,0
3472,533,67,10/6/2014 16:08,a,a,a,1,1,1,1,1,0,0,0,0,0.05,1,0,0,1,1,1,1,0
3483,533,67,10/6/2014 16:09,a,a,a,1,1,1,1,1,0,0,0,0,0.05,1,0,0,1,1,1,1,0
3484,533,67,10/6/2014 16:09,a,a,a,1,1,1,1,1,0,0,0,0,0.05,1,0,0,1,1,1,1,0
3489,533,67,10/6/2014 16:10,a,a,a,1,1,1,1,1,0,0,0,0,0.05,1,0,0,1,1,1,1,0
3504,533,67,10/6/2014 16:10,a,a,a,1,1,1,1,1,0,0,0,0,0.05,1,0,0,1,1,1,1,0
3499,533,67,10/6/2014 16:11,a,a,a,1,1,1,1,1,0,0,0,0,0.05,1,0,0,1,1,1,1,0
3498,533,67,10/6/2014 16:11,a,a,a,1,1,1,1,1,0,0,0,0,0.05,1,0,0,1,1,1,1,0
3490,533,67,10/6/2014 16:12,a,a,a,1,1,1,1,1,0,0,0,0,0.05,1,0,0,1,1,1,1,0
3497,533,67,10/6/2014 16:12,a,a,a,1,1,1,1,1,0,0,0,0,0.05,1,0,0,1,1,1,1,0
3499,533,67,10/6/2014 16:13,a,a,a,1,1,1,1,1,0,0,0,0,0.05,1,0,0,1,1,1,1,0
3490,533,67,10/6/2014 16:13,a,a,a,1,1,1,1,1,0,0,0,0,0.05,1,0,0,1,1,1,1,0
3488,533,67,10/6/2014 16:14,a,a,a,1,1,1,1,1,0,0,0,0,0.05,1,0,0,1,1,1,1,0
3485,533,67,10/6/2014 16:14,a,a,a,1,1,1,1,1,0,0,0,0,0.05,1,0,0,1,1,1,1,0
3495,533,67,10/6/2014 16:15,a,a,a,1,1,1,1,1,0,0,0,0,0.05,1,0,0,1,1,1,1,0
3504,533,67,10/6/2014 16:15,a,a,a,1,1,1,1,1,0,0,0,0,0.05,1,0,0,1,1,1,1,0
3501,533,67,10/6/2014 16:16,a,a,a,1,1,1,1,1,0,0,0,0,0.05,1,0,0,1,1,1,1,0
3496,534,67,10/6/2014 16:16,a,a,a,1,1,1,1,1,0,0,0,0,0.05,1,0,0,1,1,1,1,0
3493,534,67,10/6/2014 16:17,a,a,a,1,1,1,1,1,0,0,0,0,0.05,1,0,0,1,1,1,1,0
3490,534,67,10/6/2014 16:17,a,a,a,1,1,1,1,1,0,0,0,0,0.05,1,0,0,1,1,1,1,0
3487,534,67,10/6/2014 16:18,a,a,a,1,1,1,1,1,0,0,0,0,0.05,1,0,0,1,1,1,1,0
3481,534,67,10/6/2014 16:18,a,a,a,1,1,1,1,1,0,0,0,0,0.05,1,0,0,1,1,1,1,0
3474,534,67,10/6/2014 16:19,a,a,a,1,1,1,1,1,0,0,0,0,0.05,1,0,0,1,1,1,1,0
3483,534,67,10/6/2014 16:19,a,a,a,1,1,1,1,1,0,0,0,0,0.05,1,0,0,1,1,1,1,0
3455,534,67,10/6/2014 16:20,a,a,a,1,1,1,1,1,0,0,0,0,0.05,1,0,0,1,1,1,1,0
3447,535,67,10/6/2014 16:20,a,a,a,1,1,1,1,1,0,0,0,0,0.05,1,0,0,1,1,1,1,0
3433,535,67,10/6/2014 16:21,a,a,a,1,1,1,1,1,0,0,0,0,0.05,1,0,0,1,1,1,1,0
3429,535,67,10/6/2014 16:21,a,a,a,1,1,1,1,1,0,0,0,0,0.05,1,0,0,1,1,1,1,0
3437,535,67,10/6/2014 16:22,a,a,a,1,1,1,1,1,0,0,0,0,0.05,1,0,0,1,1,1,1,0
3420,535,67,10/6/2014 16:22,a,a,a,1,1,1,1,1,0,0,0,0,0.05,1,0,0,1,1,1,1,0
3419,535,67,10/6/2014 16:23,a,a,a,1,1,1,1,1,0,0,0,0,0.05,1,0,0,1,1,1,1,0
3430,535,67,10/6/2014 16:23,a,a,a,1,1,1,1,1,0,0,0,0,0.05,1,0,0,1,1,1,1,0
3425,535,67,10/6/2014 16:24,a,a,a,1,1,1,1,1,0,0,0,0,0.05,1,0,0,1,1,1,1,0
3419,535,67,10/6/2014 16:24,a,a,a,1,1,1,1,1,0,0,0,0,0.05,1,0,0,1,1,1,1,0
3419,535,67,10/6/2014 16:25,a,a,a,1,1,1,1,1,0,0,0,0,0.05,1,0,0,1,1,1,1,0
3422,535,67,10/6/2014 16:25,a,a,a,1,1,1,1,1,0,0,0,0,0.05,1,0,0,1,1,1,1,0
3438,535,67,10/6/2014 16:26,a,a,a,1,1,1,1,1,0,0,0,0,0.05,1,0,0,1,1,1,1,0
3438,535,67,10/6/2014 16:26,a,a,a,1,1,1,1,1,0,0,0,0,0.05,1,0,0,1,1,1,1,0
3433,535,67,10/6/2014 16:27,a,a,a,1,1,1,1,1,0,0,0,0,0.05,1,0,0,1,1,1,1,0
3432,535,67,10/6/2014 16:27,a,a,a,1,1,1,1,1,0,0,0,0,0.05,1,0,0,1,1,1,1,0
3436,535,67,10/6/2014 16:28,a,a,a,1,1,1,1,1,0,0,0,0,0.05,1,0,0,1,1,1,1,0
3426,535,67,10/6/2014 16:28,a,a,a,1,1,1,1,1,0,0,0,0,0.05,1,0,0,1,1,1,1,0
3438,535,67,10/6/2014 16:29,a,a,a,1,1,1,1,1,0,0,0,0,0.05,1,0,0,1,1,1,1,0
3433,535,67,10/6/2014 16:29,a,a,a,1,1,1,1,1,0,0,0,0,0.05,1,0,0,1,1,1,1,0
3432,535,67,10/6/2014 16:30,a,a,a,1,1,1,1,1,0,0,0,0,0.05,1,0,0,1,1,1,1,0
3437,535,67,10/6/2014 16:30,a,a,a,1,1,1,1,1,0,0,0,0,0.05,1,0,0,1,1,1,1,0
3402,535,67,10/6/2014 16:31,a,a,a,1,1,1,1,1,0,0,0,0,0.05,1,0,0,1,1,1,1,0
3401,535,67,10/6/2014 16:31,a,a,a,1,1,1,1,1,0,0,0,0,0.05,1,0,0,1,1,1,1,0
3409,535,67,10/6/2014 16:32,a,a,a,1,1,1,1,1,0,0,0,0,0.05,1,0,0,1,1,1,1,0
3403,535,67,10/6/2014 16:32,a,a,a,1,1,1,1,1,0,0,0,0,0.05,1,0,0,1,1,1,1,0
3396,535,67,10/6/2014 16:33,a,a,a,1,1,1,1,1,0,0,0,0,0.05,1,0,0,1,1,1,1,0
3418,535,67,10/6/2014 16:33,a,a,a,1,1,1,1,1,0,0,0,0,0.05,1,0,0,1,1,1,1,0
3414,535,67,10/6/2014 16:34,a,a,a,1,1,1,1,1,0,0,0,0,0.05,1,0,0,1,1,1,1,0
3420,535,67,10/6/2014 16:34,a,a,a,1,1,1,1,1,0,0,0,0,0.05,1,0,0,1,1,1,1,0
3429,535,67,10/6/2014 16:35,a,a,a,1,1,1,1,1,0,0,0,0,0.05,1,0,0,1,1,1,1,0
3409,535,67,10/6/2014 16:35,a,a,a,1,1,1,1,1,0,0,0,0,0.05,1,0,0,1,1,1,1,0
3432,535,67,10/6/2014 16:36,a,a,a,1,1,1,1,1,0,0,0,0,0.05,1,0,0,1,1,1,1,0
3427,535,67,10/6/2014 16:37,a,a,a,1,1,1,1,1,0,0,0,0,0.05,1,0,0,1,1,1,1,0
3422,535,67,10/6/2014 16:37,a,a,a,1,1,1,1,1,0,0,0,0,0.05,1,0,0,1,1,1,1,0
3412,535,67,10/6/2014 16:38,a,a,a,1,1,1,1,1,0,0,0,0,0.05,1,0,0,1,1,1,1,0
3426,535,67,10/6/2014 16:38,a,a,a,1,1,1,1,1,0,0,0,0,0.05,1,0,0,1,1,1,1,0
3429,535,67,10/6/2014 16:39,a,a,a,1,1,1,1,1,0,0,0,0,0.05,1,0,0,1,1,1,1,0
3421,535,67,10/6/2014 16:39,a,a,a,1,1,1,1,1,0,0,0,0,0.05,1,0,0,1,1,1,1,0
3420,535,67,10/6/2014 16:40,a,a,a,1,1,1,1,1,0,0,0,0,0.05,1,0,0,1,1,1,1,0
3418,535,67,10/6/2014 16:40,a,a,a,1,1,1,1,1,0,0,0,0,0.05,1,0,0,1,1,1,1,0
3428,535,67,10/6/2014 16:41,a,a,a,1,1,1,1,1,0,0,0,0,0.05,1,0,0,1,1,1,1,0
3438,535,67,10/6/2014 16:41,a,a,a,1,1,1,1,1,0,0,0,0,0.05,1,0,0,1,1,1,1,0
3432,535,67,10/6/2014 16:42,a,a,a,1,1,1,1,1,0,0,0,0,0.05,1,0,0,1,1,1,1,0
3426,535,67,10/6/2014 16:42,a,a,a,1,1,1,1,1,0,0,0,0,0.05,1,0,0,1,1,1,1,0
3413,535,67,10/6/2014 16:43,a,a,a,1,1,1,1,1,0,0,0,0,0.05,1,0,0,1,1,1,1,0
3419,535,68,10/6/2014 16:43,a,a,a,1,1,1,1,1,0,0,0,0,0.05,1,0,0,1,1,1,1,0
3417,535,68,10/6/2014 16:44,a,a,a,1,1,1,1,1,0,0,0,0,0.05,1,0,0,1,1,1,1,0
3457,535,68,10/6/2014 16:44,a,a,a,1,1,1,1,1,0,0,0,0,0.05,1,0,0,1,1,1,1,0
3468,536,68,10/6/2014 16:45,a,a,a,1,1,1,1,1,0,0,0,0,0.05,1,0,0,1,1,1,1,0
3436,536,68,10/6/2014 16:45,a,a,a,1,1,1,1,1,0,0,0,0,0.05,1,0,0,1,1,1,1,0
3444,536,68,10/6/2014 16:46,a,a,a,1,1,1,1,1,0,0,0,0,0.05,1,0,0,1,1,1,1,0
3427,536,68,10/6/2014 16:46,a,a,a,1,1,1,1,1,0,0,0,0,0.05,1,0,0,1,1,1,1,0
3410,536,68,10/6/2014 16:47,a,a,a,1,1,1,1,1,0,0,0,0,0.05,1,0,0,1,1,1,1,0
3404,536,68,10/6/2014 16:47,a,a,a,1,1,1,1,1,0,0,0,0,0.05,1,0,0,1,1,1,1,0
3401,536,68,10/6/2014 16:48,a,a,a,1,1,1,1,1,0,0,0,0,0.05,1,0,0,1,1,1,1,0
3397,536,68,10/6/2014 16:48,a,a,a,1,1,1,1,1,0,0,0,0,0.05,1,0,0,1,1,1,1,0
3404,536,68,10/6/2014 16:49,a,a,a,1,1,1,1,1,0,0,0,0,0.05,1,0,0,1,1,1,1,0
3410,536,68,10/6/2014 16:49,a,a,a,1,1,1,1,1,0,0,0,0,0.05,1,0,0,1,1,1,1,0
3413,536,68,10/6/2014 16:50,a,a,a,1,1,1,1,1,0,0,0,0,0.05,1,0,0,1,1,1,1,0
3402,537,68,10/6/2014 16:50,a,a,a,1,1,1,1,1,0,0,0,0,0.05,1,0,0,1,1,1,1,0
3402,537,68,10/6/2014 16:51,a,a,a,1,1,1,1,1,0,0,0,0,0.05,1,0,0,1,1,1,1,0
3417,537,68,10/6/2014 16:51,a,a,a,1,1,1,1,1,0,0,0,0,0.05,1,0,0,1,1,1,1,0
3414,537,68,10/6/2014 16:52,a,a,a,1,1,1,1,1,0,0,0,0,0.05,1,0,0,1,1,1,1,0
3417,537,68,10/6/2014 16:52,a,a,a,1,1,1,1,1,0,0,0,0,0.05,1,0,0,1,1,1,1,0
3411,537,68,10/6/2014 16:53,a,a,a,1,1,1,1,1,0,0,0,0,0.05,1,0,0,1,1,1,1,0
3388,537,68,10/6/2014 16:53,a,a,a,1,1,1,1,1,0,0,0,0,0.05,1,0,0,1,1,1,1,0
3403,537,68,10/6/2014 16:54,a,a,a,1,1,1,1,1,0,0,0,0,0.05,1,0,0,1,1,1,1,0
3400,537,68,10/6/2014 16:54,a,a,a,1,1,1,1,1,0,0,0,0,0.05,1,0,0,1,1,1,1,0
3399,537,68,10/6/2014 16:55,a,a,a,1,1,1,1,1,0,0,0,0,0.05,1,0,0,1,1,1,1,0
3380,537,68,10/6/2014 16:55,a,a,a,1,1,1,1,1,0,0,0,0,0.05,1,0,0,1,1,1,1,0
3380,537,68,10/6/2014 16:56,a,a,a,1,1,1,1,1,0,0,0,0,0.05,1,0,0,1,1,1,1,0
3365,537,68,10/6/2014 16:56,a,a,a,1,1,1,1,1,0,0,0,0,0.05,1,0,0,1,1,1,1,0
3364,537,68,10/6/2014 16:57,a,a,a,1,1,1,1,1,0,0,0,0,0.05,1,0,0,1,1,1,1,0
3353,537,68,10/6/2014 16:57,a,a,a,1,1,1,1,1,0,0,0,0,0.05,1,0,0,1,1,1,1,0
3373,537,68,10/6/2014 16:58,a,a,a,1,1,1,1,1,0,0,0,0,0.05,1,0,0,1,1,1,1,0
3367,538,68,10/6/2014 16:58,a,a,a,1,1,1,1,1,0,0,0,0,0.05,1,0,0,1,1,1,1,0
3387,538,68,10/6/2014 16:59,a,a,a,1,1,1,1,1,0,0,0,0,0.05,1,0,0,1,1,1,1,0
3381,538,68,10/6/2014 16:59,a,a,a,1,1,1,1,1,0,0,0,0,0.05,1,0,0,1,1,1,1,0
3386,538,68,10/6/2014 17:00,a,a,a,1,1,1,1,1,0,0,0,0,0.05,1,0,0,1,1,1,1,0
3362,538,68,10/6/2014 17:00,a,a,a,1,1,1,1,1,0,0,0,0,0.05,1,0,0,1,1,1,1,0
3366,539,68,10/6/2014 17:01,a,a,a,1,1,1,1,1,0,0,0,0,0.05,1,0,0,1,1,1,1,0
3375,539,68,10/6/2014 17:01,a,a,a,1,1,1,1,1,0,0,0,0,0.05,1,0,0,1,1,1,1,0
3378,539,68,10/6/2014 17:02,a,a,a,1,1,1,1,1,0,0,0,0,0.05,1,0,0,1,1,1,1,0
3388,539,68,10/6/2014 17:02,a,a,a,1,1,1,1,1,0,0,0,0,0.05,1,0,0,1,1,1,1,0
3381,539,68,10/6/2014 17:03,a,a,a,1,1,1,1,1,0,0,0,0,0.05,1,0,0,1,1,1,1,0
3363,539,68,10/6/2014 17:03,a,a,a,1,1,1,1,1,0,0,0,0,0.05,1,0,0,1,1,1,1,0
3365,539,68,10/6/2014 17:04,a,a,a,1,1,1,1,1,0,0,0,0,0.05,1,0,0,1,1,1,1,0
3355,539,68,10/6/2014 17:04,a,a,a,1,1,1,1,1,0,0,0,0,0.05,1,0,0,1,1,1,1,0
3342,539,68,10/6/2014 17:05,a,a,a,1,1,1,1,1,0,0,0,0,0.05,1,0,0,1,1,1,1,0
3350,539,68,10/6/2014 17:05,a,a,a,1,1,1,1,1,0,0,0,0,0.05,1,0,0,1,1,1,1,0
3339,539,68,10/6/2014 17:06,a,a,a,1,1,1,1,1,0,0,0,0,0.05,1,0,0,1,1,1,1,0
3348,539,68,10/6/2014 17:06,a,a,a,1,1,1,1,1,0,0,0,0,0.05,1,0,0,1,1,1,1,0
3339,539,68,10/6/2014 17:07,a,a,a,1,1,1,1,1,0,0,0,0,0.05,1,0,0,1,1,1,1,0
3332,539,68,10/6/2014 17:07,a,a,a,1,1,1,1,1,0,0,0,0,0.05,1,0,0,1,1,1,1,0
3333,539,68,10/6/2014 17:08,a,a,a,1,1,1,1,1,0,0,0,0,0.05,1,0,0,1,1,1,1,0
3337,539,68,10/6/2014 17:08,a,a,a,1,1,1,1,1,0,0,0,0,0.05,1,0,0,1,1,1,1,0
3346,539,68,10/6/2014 17:09,a,a,a,1,1,1,1,1,0,0,0,0,0.05,1,0,0,1,1,1,1,0
3349,539,68,10/6/2014 17:09,a,a,a,1,1,1,1,1,0,0,0,0,0.05,1,0,0,1,1,1,1,0
3341,539,68,10/6/2014 17:10,a,a,a,1,1,1,1,1,0,0,0,0,0.05,1,0,0,1,1,1,1,0
3346,539,68,10/6/2014 17:10,a,a,a,1,1,1,1,1,0,0,0,0,0.05,1,0,0,1,1,1,1,0
3335,539,68,10/6/2014 17:11,a,a,a,1,1,1,1,1,0,0,0,0,0.05,1,0,0,1,1,1,1,0
3334,539,68,10/6/2014 17:11,a,a,a,1,1,1,1,1,0,0,0,0,0.05,1,0,0,1,1,1,1,0
3339,539,68,10/6/2014 17:12,a,a,a,1,1,1,1,1,0,0,0,0,0.05,1,0,0,1,1,1,1,0
3336,540,68,10/6/2014 17:12,a,a,a,1,1,1,1,1,0,0,0,0,0.05,1,0,0,1,1,1,1,0
3322,540,68,10/6/2014 17:13,a,a,a,1,1,1,1,1,0,0,0,0,0.05,1,0,0,1,1,1,1,0
3329,540,68,10/6/2014 17:13,a,a,a,1,1,1,1,1,0,0,0,0,0.05,1,0,0,1,1,1,1,0
3334,541,68,10/6/2014 17:14,a,a,a,1,1,1,1,1,0,0,0,0,0.05,1,0,0,1,1,1,1,0
3329,541,68,10/6/2014 17:14,a,a,a,1,1,1,1,1,0,0,0,0,0.05,1,0,0,1,1,1,1,0
3323,541,68,10/6/2014 17:15,a,a,a,1,1,1,1,1,0,0,0,0,0.05,1,0,0,1,1,1,1,0
3311,541,68,10/6/2014 17:15,a,a,a,1,1,1,1,1,0,0,0,0,0.05,1,0,0,1,1,1,1,0
3298,541,68,10/6/2014 17:16,a,a,a,1,1,1,1,1,0,0,0,0,0.05,1,0,0,1,1,1,1,0
3304,541,68,10/6/2014 17:16,a,a,a,1,1,1,1,1,0,0,0,0,0.05,1,0,0,1,1,1,1,0
3310,541,68,10/6/2014 17:17,a,a,a,1,1,1,1,1,0,0,0,0,0.05,1,0,0,1,1,1,1,0
3305,541,68,10/6/2014 17:17,a,a,a,1,1,1,1,1,0,0,0,0,0.05,1,0,0,1,1,1,1,0
3307,541,68,10/6/2014 17:18,a,a,a,1,1,1,1,1,0,0,0,0,0.05,1,0,0,1,1,1,1,0
3290,541,68,10/6/2014 17:19,a,a,a,1,1,1,1,1,0,0,0,0,0.05,1,0,0,1,1,1,1,0
3291,541,68,10/6/2014 17:19,a,a,a,1,1,1,1,1,0,0,0,0,0.05,1,0,0,1,1,1,1,0
3285,541,68,10/6/2014 17:20,a,a,a,1,1,1,1,1,0,0,0,0,0.05,1,0,0,1,1,1,1,0
3287,541,68,10/6/2014 17:20,a,a,a,1,1,1,1,1,0,0,0,0,0.05,1,0,0,1,1,1,1,0
3277,541,68,10/6/2014 17:21,a,a,a,1,1,1,1,1,0,0,0,0,0.05,1,0,0,1,1,1,1,0
3278,541,68,10/6/2014 17:21,a,a,a,1,1,1,1,1,0,0,0,0,0.05,1,0,0,1,1,1,1,0
3298,541,68,10/6/2014 17:22,a,a,a,1,1,1,1,1,0,0,0,0,0.05,1,0,0,1,1,1,1,0
3290,541,68,10/6/2014 17:22,a,a,a,1,1,1,1,1,0,0,0,0,0.05,1,0,0,1,1,1,1,0
3286,541,68,10/6/2014 17:23,a,a,a,1,1,1,1,1,0,0,0,0,0.05,1,0,0,1,1,1,1,0
3283,541,68,10/6/2014 17:23,a,a,a,1,1,1,1,1,0,0,0,0,0.05,1,0,0,1,1,1,1,0
3277,541,68,10/6/2014 17:24,a,a,a,1,1,1,1,1,0,0,0,0,0.05,1,0,0,1,1,1,1,0
3275,541,69,10/6/2014 17:24,a,a,a,1,1,1,1,1,0,0,0,0,0.05,1,0,0,1,1,1,1,0
3285,541,69,10/6/2014 17:25,a,a,a,1,1,1,1,1,0,0,0,0,0.05,1,0,0,1,1,1,1,0
3263,541,69,10/6/2014 17:25,a,a,a,1,1,1,1,1,0,0,0,0,0.05,1,0,0,1,1,1,1,0
3267,541,69,10/6/2014 17:26,a,a,a,1,1,1,1,1,0,0,0,0,0.05,1,0,0,1,1,1,1,0
3278,541,69,10/6/2014 17:26,a,a,a,1,1,1,1,1,0,0,0,0,0.05,1,0,0,1,1,1,1,0
3256,541,69,10/6/2014 17:27,a,a,a,1,1,1,1,1,0,0,0,0,0.05,1,0,0,1,1,1,1,0
3234,541,69,10/6/2014 17:27,a,a,a,1,1,1,1,1,0,0,0,0,0.05,1,0,0,1,1,1,1,0
3237,541,69,10/6/2014 17:28,a,a,a,1,1,1,1,1,0,0,0,0,0.05,1,0,0,1,1,1,1,0
3263,541,69,10/6/2014 17:28,a,a,a,1,1,1,1,1,0,0,0,0,0.05,1,0,0,1,1,1,1,0
3274,541,69,10/6/2014 17:29,a,a,a,1,1,1,1,1,0,0,0,0,0.05,1,0,0,1,1,1,1,0
3271,541,69,10/6/2014 17:29,a,a,a,1,1,1,1,1,0,0,0,0,0.05,1,0,0,1,1,1,1,0
3265,541,69,10/6/2014 17:30,a,a,a,1,1,1,1,1,0,0,0,0,0.05,1,0,0,1,1,1,1,0
3259,541,69,10/6/2014 17:30,a,a,a,1,1,1,1,1,0,0,0,0,0.05,1,0,0,1,1,1,1,0
3266,541,69,10/6/2014 17:31,a,a,a,1,1,1,1,1,0,0,0,0,0.05,1,0,0,1,1,1,1,0
3278,541,69,10/6/2014 17:31,a,a,a,1,1,1,1,1,0,0,0,0,0.05,1,0,0,1,1,1,1,0
3279,541,69,10/6/2014 17:32,a,a,a,1,1,1,1,1,0,0,0,0,0.05,1,0,0,1,1,1,1,0
3286,541,69,10/6/2014 17:32,a,a,a,1,1,1,1,1,0,0,0,0,0.05,1,0,0,1,1,1,1,0
3292,541,69,10/6/2014 17:33,a,a,a,1,1,1,1,1,0,0,0,0,0.05,1,0,0,1,1,1,1,0
3284,541,69,10/6/2014 17:33,a,a,a,1,1,1,1,1,0,0,0,0,0.05,1,0,0,1,1,1,1,0
3271,541,69,10/6/2014 17:34,a,a,a,1,1,1,1,1,0,0,0,0,0.05,1,0,0,1,1,1,1,0
3278,541,69,10/6/2014 17:34,a,a,a,1,1,1,1,1,0,0,0,0,0.05,1,0,0,1,1,1,1,0
3264,541,69,10/6/2014 17:35,a,a,a,1,1,1,1,1,0,0,0,0,0.05,1,0,0,1,1,1,1,0
3262,541,69,10/6/2014 17:35,a,a,a,1,1,1,1,1,0,0,0,0,0.05,1,0,0,1,1,1,1,0
3281,541,69,10/6/2014 17:36,a,a,a,1,1,1,1,1,0,0,0,0,0.05,1,0,0,1,1,1,1,0
3272,541,69,10/6/2014 17:36,a,a,a,1,1,1,1,1,0,0,0,0,0.05,1,0,0,1,1,1,1,0
3256,541,69,10/6/2014 17:37,a,a,a,1,1,1,1,1,0,0,0,0,0.05,1,0,0,1,1,1,1,0
3257,541,69,10/6/2014 17:37,a,a,a,1,1,1,1,1,0,0,0,0,0.05,1,0,0,1,1,1,1,0
3270,541,69,10/6/2014 17:38,a,a,a,1,1,1,1,1,0,0,0,0,0.05,1,0,0,1,1,1,1,0
3256,541,69,10/6/2014 17:38,a,a,a,1,1,1,1,1,0,0,0,0,0.05,1,0,0,1,1,1,1,0
3253,541,69,10/6/2014 17:39,a,a,a,1,1,1,1,1,0,0,0,0,0.05,1,0,0,1,1,1,1,0
3248,541,69,10/6/2014 17:39,a,a,a,1,1,1,1,1,0,0,0,0,0.05,1,0,0,1,1,1,1,0
3234,541,69,10/6/2014 17:40,a,a,a,1,1,1,1,1,0,0,0,0,0.05,1,0,0,1,1,1,1,0
3240,541,69,10/6/2014 17:40,a,a,a,1,1,1,1,1,0,0,0,0,0.05,1,0,0,1,1,1,1,0
3244,541,69,10/6/2014 17:41,a,a,a,1,1,1,1,1,0,0,0,0,0.05,1,0,0,1,1,1,1,0
3232,541,69,10/6/2014 17:41,a,a,a,1,1,1,1,1,0,0,0,0,0.05,1,0,0,1,1,1,1,0
3220,541,69,10/6/2014 17:42,a,a,a,1,1,1,1,1,0,0,0,0,0.05,1,0,0,1,1,1,1,0
3218,541,69,10/6/2014 17:42,a,a,a,1,1,1,1,1,0,0,0,0,0.05,1,0,0,1,1,1,1,0
3226,543,69,10/6/2014 17:43,a,a,a,1,1,1,1,1,0,0,0,0,0.05,1,0,0,1,1,1,1,0
3226,543,69,10/6/2014 17:43,a,a,a,1,1,1,1,1,0,0,0,0,0.05,1,0,0,1,1,1,1,0
3228,543,69,10/6/2014 17:44,a,a,a,1,1,1,1,1,0,0,0,0,0.05,1,0,0,1,1,1,1,0
3232,543,69,10/6/2014 17:44,a,a,a,1,1,1,1,1,0,0,0,0,0.05,1,0,0,1,1,1,1,0
3253,543,69,10/6/2014 17:45,a,a,a,1,1,1,1,1,0,0,0,0,0.05,1,0,0,1,1,1,1,0
3246,543,69,10/6/2014 17:45,a,a,a,1,1,1,1,1,0,0,0,0,0.05,1,0,0,1,1,1,1,0
3278,543,69,10/6/2014 17:46,a,a,a,1,1,1,1,1,0,0,0,0,0.05,1,0,0,1,1,1,1,0
3285,544,69,10/6/2014 17:46,a,a,a,1,1,1,1,1,0,0,0,0,0.05,1,0,0,1,1,1,1,0
3307,544,69,10/6/2014 17:47,a,a,a,1,1,1,1,1,0,0,0,0,0.05,1,0,0,1,1,1,1,0
3294,544,69,10/6/2014 17:47,a,a,a,1,1,1,1,1,0,0,0,0,0.05,1,0,0,1,1,1,1,0
3315,544,69,10/6/2014 17:48,a,a,a,1,1,1,1,1,0,0,0,0,0.05,1,0,0,1,1,1,1,0
3315,544,69,10/6/2014 17:48,a,a,a,1,1,1,1,1,0,0,0,0,0.05,1,0,0,1,1,1,1,0
3310,544,69,10/6/2014 17:49,a,a,a,1,1,1,1,1,0,0,0,0,0.05,1,0,0,1,1,1,1,0
3295,544,69,10/6/2014 17:49,a,a,a,1,1,1,1,1,0,0,0,0,0.05,1,0,0,1,1,1,1,0
3295,545,69,10/6/2014 17:50,a,a,a,1,1,1,1,1,0,0,0,0,0.05,1,0,0,1,1,1,1,0
3297,545,69,10/6/2014 17:50,a,a,a,1,1,1,1,1,0,0,0,0,0.05,1,0,0,1,1,1,1,0
3286,545,69,10/6/2014 17:51,a,a,a,1,1,1,1,1,0,0,0,0,0.05,1,0,0,1,1,1,1,0
3292,545,69,10/6/2014 17:51,a,a,a,1,1,1,1,1,0,0,0,0,0.05,1,0,0,1,1,1,1,0
3282,545,69,10/6/2014 17:52,a,a,a,1,1,1,1,1,0,0,0,0,0.05,1,0,0,1,1,1,1,0
3289,545,69,10/6/2014 17:52,a,a,a,1,1,1,1,1,0,0,0,0,0.05,1,0,0,1,1,1,1,0
3293,545,69,10/6/2014 17:53,a,a,a,1,1,1,1,1,0,0,0,0,0.05,1,0,0,1,1,1,1,0
3314,545,69,10/6/2014 17:53,a,a,a,1,1,1,1,1,0,0,0,0,0.05,1,0,0,1,1,1,1,0
3315,545,69,10/6/2014 17:54,a,a,a,1,1,1,1,1,0,0,0,0,0.05,1,0,0,1,1,1,1,0
3311,545,69,10/6/2014 17:54,a,a,a,1,1,1,1,1,0,0,0,0,0.05,1,0,0,1,1,1,1,0
3303,545,69,10/6/2014 17:55,a,a,a,1,1,1,1,1,0,0,0,0,0.05,1,0,0,1,1,1,1,0
3282,545,69,10/6/2014 17:55,a,a,a,1,1,1,1,1,0,0,0,0,0.05,1,0,0,1,1,1,1,0
3291,545,69,10/6/2014 17:56,a,a,a,1,1,1,1,1,0,0,0,0,0.05,1,0,0,1,1,1,1,0
3280,545,69,10/6/2014 17:56,a,a,a,1,1,1,1,1,0,0,0,0,0.05,1,0,0,1,1,1,1,0
3259,545,69,10/6/2014 17:57,a,a,a,1,1,1,1,1,0,0,0,0,0.05,1,0,0,1,1,1,1,0
3260,545,69,10/6/2014 17:57,a,a,a,1,1,1,1,1,0,0,0,0,0.05,1,0,0,1,1,1,1,0
3266,545,69,10/6/2014 17:58,a,a,a,1,1,1,1,1,0,0,0,0,0.05,1,0,0,1,1,1,1,0
3274,545,69,10/6/2014 17:58,a,a,a,1,1,1,1,1,0,0,0,0,0.05,1,0,0,1,1,1,1,0
3283,545,69,10/6/2014 17:59,a,a,a,1,1,1,1,1,0,0,0,0,0.05,1,0,0,1,1,1,1,0
3269,545,69,10/6/2014 17:59,a,a,a,1,1,1,1,1,0,0,0,0,0.05,1,0,0,1,1,1,1,0
3271,545,69,10/6/2014 18:00,a,a,a,1,1,1,1,1,0,0,0,0,0.05,1,0,0,1,1,1,1,0
3247,545,69,10/6/2014 18:00,a,a,a,1,1,1,1,1,0,0,0,0,0.05,1,0,0,1,1,1,1,0
3267,545,69,10/6/2014 18:01,a,a,a,1,1,1,1,1,0,0,0,0,0.05,1,0,0,1,1,1,1,0
3239,545,69,10/6/2014 18:02,a,a,a,1,1,1,1,1,0,0,0,0,0.05,1,0,0,1,1,1,1,0
3237,545,69,10/6/2014 18:02,a,a,a,1,1,1,1,1,0,0,0,0,0.05,1,0,0,1,1,1,1,0
3228,545,69,10/6/2014 18:03,a,a,a,1,1,1,1,1,0,0,0,0,0.05,1,0,0,1,1,1,1,0
3208,545,69,10/6/2014 18:03,a,a,a,1,1,1,1,1,0,0,0,0,0.05,1,0,0,1,1,1,1,0
3222,545,69,10/6/2014 18:04,a,a,a,1,1,1,1,1,0,0,0,0,0.05,1,0,0,1,1,1,1,0
3213,545,69,10/6/2014 18:04,a,a,a,1,1,1,1,1,0,0,0,0,0.05,1,0,0,1,1,1,1,0
3223,545,69,10/6/2014 18:05,a,a,a,1,1,1,1,1,0,0,0,0,0.05,1,0,0,1,1,1,1,0
3198,545,69,10/6/2014 18:05,a,a,a,1,1,1,1,1,0,0,0,0,0.05,1,0,0,1,1,1,1,0
3191,545,69,10/6/2014 18:06,a,a,a,1,1,1,1,1,0,0,0,0,0.05,1,0,0,1,1,1,1,0
3198,545,69,10/6/2014 18:06,a,a,a,1,1,1,1,1,0,0,0,0,0.05,1,0,0,1,1,1,1,0
3187,545,69,10/6/2014 18:07,a,a,a,1,1,1,1,1,0,0,0,0,0.05,1,0,0,1,1,1,1,0
3180,545,69,10/6/2014 18:07,a,a,a,1,1,1,1,1,0,0,0,0,0.05,1,0,0,1,1,1,1,0
3162,545,69,10/6/2014 18:08,a,a,a,1,1,1,1,1,0,0,0,0,0.05,1,0,0,1,1,1,1,0
3181,545,69,10/6/2014 18:08,a,a,a,1,1,1,1,1,0,0,0,0,0.05,1,0,0,1,1,1,1,0
3190,545,69,10/6/2014 18:09,a,a,a,1,1,1,1,1,0,0,0,0,0.05,1,0,0,1,1,1,1,0
3188,545,69,10/6/2014 18:09,a,a,a,1,1,1,1,1,0,0,0,0,0.05,1,0,0,1,1,1,1,0
3177,546,69,10/6/2014 18:10,a,a,a,1,1,1,1,1,0,0,0,0,0.05,1,0,0,1,1,1,1,0
3178,546,69,10/6/2014 18:10,a,a,a,1,1,1,1,1,0,0,0,0,0.05,1,0,0,1,1,1,1,0
3196,546,69,10/6/2014 18:11,a,a,a,1,1,1,1,1,0,0,0,0,0.05,1,0,0,1,1,1,1,0
3189,546,69,10/6/2014 18:11,a,a,a,1,1,1,1,1,0,0,0,0,0.05,1,0,0,1,1,1,1,0
3176,546,69,10/6/2014 18:12,a,a,a,1,1,1,1,1,0,0,0,0,0.05,1,0,0,1,1,1,1,0
3169,546,69,10/6/2014 18:12,a,a,a,1,1,1,1,1,0,0,0,0,0.05,1,0,0,1,1,1,1,0
3167,546,69,10/6/2014 18:13,a,a,a,1,1,1,1,1,0,0,0,0,0.05,1,0,0,1,1,1,1,0
3165,547,69,10/6/2014 18:13,a,a,a,1,1,1,1,1,0,0,0,0,0.05,1,0,0,1,1,1,1,0
3159,547,69,10/6/2014 18:14,a,a,a,1,1,1,1,1,0,0,0,0,0.05,1,0,0,1,1,1,1,0
3156,547,69,10/6/2014 18:14,a,a,a,1,1,1,1,1,0,0,0,0,0.05,1,0,0,1,1,1,1,0
3163,547,69,10/6/2014 18:15,a,a,a,1,1,1,1,1,0,0,0,0,0.05,1,0,0,1,1,1,1,0
3162,547,69,10/6/2014 18:15,a,a,a,1,1,1,1,1,0,0,0,0,0.05,1,0,0,1,1,1,1,0
3161,547,69,10/6/2014 18:16,a,a,a,1,1,1,1,1,0,0,0,0,0.05,1,0,0,1,1,1,1,0
3142,547,69,10/6/2014 18:16,a,a,a,1,1,1,1,1,0,0,0,0,0.05,1,0,0,1,1,1,1,0
3157,547,69,10/6/2014 18:17,a,a,a,1,1,1,1,1,0,0,0,0,0.05,1,0,0,1,1,1,1,0
3167,547,69,10/6/2014 18:17,a,a,a,1,1,1,1,1,0,0,0,0,0.05,1,0,0,1,1,1,1,0
3172,547,69,10/6/2014 18:18,a,a,a,1,1,1,1,1,0,0,0,0,0.05,1,0,0,1,1,1,1,0
3159,547,69,10/6/2014 18:18,a,a,a,1,1,1,1,1,0,0,0,0,0.05,1,0,0,1,1,1,1,0
3158,547,69,10/6/2014 18:19,a,a,a,1,1,1,1,1,0,0,0,0,0.05,1,0,0,1,1,1,1,0
3171,547,69,10/6/2014 18:19,a,a,a,1,1,1,1,1,0,0,0,0,0.05,1,0,0,1,1,1,1,0
3168,547,69,10/6/2014 18:20,a,a,a,1,1,1,1,1,0,0,0,0,0.05,1,0,0,1,1,1,1,0
3149,547,69,10/6/2014 18:20,a,a,a,1,1,1,1,1,0,0,0,0,0.05,1,0,0,1,1,1,1,0
3167,547,69,10/6/2014 18:21,a,a,a,1,1,1,1,1,0,0,0,0,0.05,1,0,0,1,1,1,1,0
3175,547,69,10/6/2014 18:21,a,a,a,1,1,1,1,1,0,0,0,0,0.05,1,0,0,1,1,1,1,0
3192,547,69,10/6/2014 18:22,a,a,a,1,1,1,1,1,0,0,0,0,0.05,1,0,0,1,1,1,1,0
3193,547,70,10/6/2014 18:22,a,a,a,1,1,1,1,1,0,0,0,0,0.05,1,0,0,1,1,1,1,0
3199,547,70,10/6/2014 18:23,a,a,a,1,1,1,1,1,0,0,0,0,0.05,1,0,0,1,1,1,1,0
3201,547,70,10/6/2014 18:23,a,a,a,1,1,1,1,1,0,0,0,0,0.05,1,0,0,1,1,1,1,0
3201,547,70,10/6/2014 18:24,a,a,a,1,1,1,1,1,0,0,0,0,0.05,1,0,0,1,1,1,1,0
3184,547,70,10/6/2014 18:24,a,a,a,1,1,1,1,1,0,0,0,0,0.05,1,0,0,1,1,1,1,0
3192,548,69,10/6/2014 18:25,a,a,a,1,1,1,1,1,0,0,0,0,0.05,1,0,0,1,1,1,1,0
3190,548,69,10/6/2014 18:25,a,a,a,1,1,1,1,1,0,0,0,0,0.05,1,0,0,1,1,1,1,0
3154,548,69,10/6/2014 18:26,a,a,a,1,1,1,1,1,0,0,0,0,0.05,1,0,0,1,1,1,1,0
3144,548,69,10/6/2014 18:26,a,a,a,1,1,1,1,1,0,0,0,0,0.05,1,0,0,1,1,1,1,0
3147,548,69,10/6/2014 18:27,a,a,a,1,1,1,1,1,0,0,0,0,0.05,1,0,0,1,1,1,1,0
3134,548,69,10/6/2014 18:27,a,a,a,1,1,1,1,1,0,0,0,0,0.05,1,0,0,1,1,1,1,0
3126,548,69,10/6/2014 18:28,a,a,a,1,1,1,1,1,0,0,0,0,0.05,1,0,0,1,1,1,1,0
3119,548,69,10/6/2014 18:28,a,a,a,1,1,1,1,1,0,0,0,0,0.05,1,0,0,1,1,1,1,0
3138,548,69,10/6/2014 18:29,a,a,a,1,1,1,1,1,0,0,0,0,0.05,1,0,0,1,1,1,1,0
3128,548,69,10/6/2014 18:29,a,a,a,1,1,1,1,1,0,0,0,0,0.05,1,0,0,1,1,1,1,0
3131,548,69,10/6/2014 18:30,a,a,a,1,1,1,1,1,0,0,0,0,0.05,1,0,0,1,1,1,1,0
3127,548,69,10/6/2014 18:30,a,a,a,1,1,1,1,1,0,0,0,0,0.05,1,0,0,1,1,1,1,0
3117,548,70,10/6/2014 18:31,a,a,a,1,1,1,1,1,0,0,0,0,0.05,1,0,0,1,1,1,1,0
3101,548,70,10/6/2014 18:31,a,a,a,1,1,1,1,1,0,0,0,0,0.05,1,0,0,1,1,1,1,0
3102,548,70,10/6/2014 18:32,a,a,a,1,1,1,1,1,0,0,0,0,0.05,1,0,0,1,1,1,1,0
3090,548,70,10/6/2014 18:32,a,a,a,1,1,1,1,1,0,0,0,0,0.05,1,0,0,1,1,1,1,0
3094,548,70,10/6/2014 18:33,a,a,a,1,1,1,1,1,0,0,0,0,0.05,1,0,0,1,1,1,1,0
3099,548,70,10/6/2014 18:33,a,a,a,1,1,1,1,1,0,0,0,0,0.05,1,0,0,1,1,1,1,0
3083,548,70,10/6/2014 18:34,a,a,a,1,1,1,1,1,0,0,0,0,0.05,1,0,0,1,1,1,1,0
3096,548,70,10/6/2014 18:34,a,a,a,1,1,1,1,1,0,0,0,0,0.05,1,0,0,1,1,1,1,0
3111,548,70,10/6/2014 18:35,a,a,a,1,1,1,1,1,0,0,0,0,0.05,1,0,0,1,1,1,1,0
3084,549,70,10/6/2014 18:35,a,a,a,1,1,1,1,1,0,0,0,0,0.05,1,0,0,1,1,1,1,0
3091,549,70,10/6/2014 18:36,a,a,a,1,1,1,1,1,0,0,0,0,0.05,1,0,0,1,1,1,1,0
3082,549,70,10/6/2014 18:36,a,a,a,1,1,1,1,1,0,0,0,0,0.05,1,0,0,1,1,1,1,0
3077,549,70,10/6/2014 18:37,a,a,a,1,1,1,1,1,0,0,0,0,0.05,1,0,0,1,1,1,1,0
3082,549,70,10/6/2014 18:37,a,a,a,1,1,1,1,1,0,0,0,0,0.05,1,0,0,1,1,1,1,0
3072,549,70,10/6/2014 18:38,a,a,a,1,1,1,1,1,0,0,0,0,0.05,1,0,0,1,1,1,1,0
3068,549,70,10/6/2014 18:38,a,a,a,1,1,1,1,1,0,0,0,0,0.05,1,0,0,1,1,1,1,0
3075,549,70,10/6/2014 18:39,a,a,a,1,1,1,1,1,0,0,0,0,0.05,1,0,0,1,1,1,1,0
3048,549,70,10/6/2014 18:40,a,a,a,1,1,1,1,1,0,0,0,0,0.05,1,0,0,1,1,1,1,0
3051,549,70,10/6/2014 18:40,a,a,a,1,1,1,1,1,0,0,0,0,0.05,1,0,0,1,1,1,1,0
3048,549,70,10/6/2014 18:41,a,a,a,1,1,1,1,1,0,0,0,0,0.05,1,0,0,1,1,1,1,0
3024,549,70,10/6/2014 18:41,a,a,a,1,1,1,1,1,0,0,0,0,0.05,1,0,0,1,1,1,1,0
3020,549,70,10/6/2014 18:42,a,a,a,1,1,1,1,1,0,0,0,0,0.05,1,0,0,1,1,1,1,0
3026,550,71,10/6/2014 18:42,a,a,a,1,1,1,1,1,0,0,0,0,0.05,1,0,0,1,1,1,1,0
3022,550,71,10/6/2014 18:43,a,a,a,1,1,1,1,1,0,0,0,0,0.05,1,0,0,1,1,1,1,0
3023,550,71,10/6/2014 18:43,a,a,a,1,1,1,1,1,0,0,0,0,0.05,1,0,0,1,1,1,1,0
3025,550,71,10/6/2014 18:44,a,a,a,1,1,1,1,1,0,0,0,0,0.05,1,0,0,1,1,1,1,0
3019,550,71,10/6/2014 18:44,a,a,a,1,1,1,1,1,0,0,0,0,0.05,1,0,0,1,1,1,1,0
3017,550,71,10/6/2014 18:45,a,a,a,1,1,1,1,1,0,0,0,0,0.05,1,0,0,1,1,1,1,0
3017,550,71,10/6/2014 18:45,a,a,a,1,1,1,1,1,0,0,0,0,0.05,1,0,0,1,1,1,1,0
3034,550,71,10/6/2014 18:46,a,a,a,1,1,1,1,1,0,0,0,0,0.05,1,0,0,1,1,1,1,0
3016,550,71,10/6/2014 18:46,a,a,a,1,1,1,1,1,0,0,0,0,0.05,1,0,0,1,1,1,1,0
3016,550,71,10/6/2014 18:47,a,a,a,1,1,1,1,1,0,0,0,0,0.05,1,0,0,1,1,1,1,0
3001,550,71,10/6/2014 18:47,a,a,a,1,1,1,1,1,0,0,0,0,0.05,1,0,0,1,1,1,1,0
3026,550,71,10/6/2014 18:48,a,a,a,1,1,1,1,1,0,0,0,0,0.05,1,0,0,1,1,1,1,0
3020,550,71,10/6/2014 18:48,a,a,a,1,1,1,1,1,0,0,0,0,0.05,1,0,0,1,1,1,1,0
3027,550,71,10/6/2014 18:49,a,a,a,1,1,1,1,1,0,0,0,0,0.05,1,0,0,1,1,1,1,0
3018,550,71,10/6/2014 18:49,a,a,a,1,1,1,1,1,0,0,0,0,0.05,1,0,0,1,1,1,1,0
2998,550,71,10/6/2014 18:50,a,a,a,1,1,1,1,1,0,0,0,0,0.05,1,0,0,1,1,1,1,0
2996,550,71,10/6/2014 18:50,a,a,a,1,1,1,1,1,0,0,0,0,0.05,1,0,0,1,1,1,1,0
3010,551,71,10/6/2014 18:51,a,a,a,1,1,1,1,1,0,0,0,0,0.05,1,0,0,1,1,1,1,0
3017,551,71,10/6/2014 18:51,a,a,a,1,1,1,1,1,0,0,0,0,0.05,1,0,0,1,1,1,1,0
2997,551,71,10/6/2014 18:52,a,a,a,1,1,1,1,1,0,0,0,0,0.05,1,0,0,1,1,1,1,0
2997,551,71,10/6/2014 18:52,a,a,a,1,1,1,1,1,0,0,0,0,0.05,1,0,0,1,1,1,1,0
2983,551,71,10/6/2014 18:53,a,a,a,1,1,1,1,1,0,0,0,0,0.05,1,0,0,1,1,1,1,0
2980,551,71,10/6/2014 18:53,a,a,a,1,1,1,1,1,0,0,0,0,0.05,1,0,0,1,1,1,1,0
2955,551,71,10/6/2014 18:54,a,a,a,1,1,1,1,1,0,0,0,0,0.05,1,0,0,1,1,1,1,0
2947,551,71,10/6/2014 18:54,a,a,a,1,1,1,1,1,0,0,0,0,0.05,1,0,0,1,1,1,1,0
2923,552,71,10/6/2014 18:55,a,a,a,1,1,1,1,1,0,0,0,0,0.05,1,0,0,1,1,1,1,0
2912,552,71,10/6/2014 18:55,a,a,a,1,1,1,1,1,0,0,0,0,0.05,1,0,0,1,1,1,1,0
2904,552,71,10/6/2014 18:56,a,a,a,1,1,1,1,1,0,0,0,0,0.05,1,0,0,1,1,1,1,0
2904,552,71,10/6/2014 18:56,a,a,a,1,1,1,1,1,0,0,0,0,0.05,1,0,0,1,1,1,1,0
2912,552,71,10/6/2014 18:57,a,a,a,1,1,1,1,1,0,0,0,0,0.05,1,0,0,1,1,1,1,0
2935,552,71,10/6/2014 18:57,a,a,a,1,1,1,1,1,0,0,0,0,0.05,1,0,0,1,1,1,1,0
2913,552,71,10/6/2014 18:58,a,a,a,1,1,1,1,1,0,0,0,0,0.05,1,0,0,1,1,1,1,0
2919,552,71,10/6/2014 18:58,a,a,a,1,1,1,1,1,0,0,0,0,0.05,1,0,0,1,1,1,1,0
2909,552,71,10/6/2014 18:59,a,a,a,1,1,1,1,1,0,0,0,0,0.05,1,0,0,1,1,1,1,0
2918,553,71,10/6/2014 18:59,a,a,a,1,1,1,1,1,0,0,0,0,0.05,1,0,0,1,1,1,1,0
2905,553,71,10/6/2014 19:00,a,a,a,1,1,1,1,1,0,0,0,0,0.05,1,0,0,1,1,1,1,0
2896,553,71,10/6/2014 19:00,a,a,a,1,1,1,1,1,0,0,0,0,0.05,1,0,0,1,1,1,1,0
2889,553,71,10/6/2014 19:01,a,a,a,1,1,1,1,1,0,0,0,0,0.05,1,0,0,1,1,1,1,0
2903,553,71,10/6/2014 19:01,a,a,a,1,1,1,1,1,0,0,0,0,0.05,1,0,0,1,1,1,1,0
2885,553,71,10/6/2014 19:02,a,a,a,1,1,1,1,1,0,0,0,0,0.05,1,0,0,1,1,1,1,0
2868,553,71,10/6/2014 19:02,a,a,a,1,1,1,1,1,0,0,0,0,0.05,1,0,0,1,1,1,1,0
2849,553,71,10/6/2014 19:03,a,a,a,1,1,1,1,1,0,0,0,0,0.05,1,0,0,1,1,1,1,0
2848,553,71,10/6/2014 19:03,a,a,a,1,1,1,1,1,0,0,0,0,0.05,1,0,0,1,1,1,1,0
2840,553,71,10/6/2014 19:04,a,a,a,1,1,1,1,1,0,0,0,0,0.05,1,0,0,1,1,1,1,0
2849,554,71,10/6/2014 19:04,a,a,a,1,1,1,1,1,0,0,0,0,0.05,1,0,0,1,1,1,1,0
2833,554,71,10/6/2014 19:05,a,a,a,1,1,1,1,1,0,0,0,0,0.05,1,0,0,1,1,1,1,0
2830,554,71,10/6/2014 19:05,a,a,a,1,1,1,1,1,0,0,0,0,0.05,1,0,0,1,1,1,1,0
2820,554,71,10/6/2014 19:06,a,a,a,1,1,1,1,1,0,0,0,0,0.05,1,0,0,1,1,1,1,0
2821,554,71,10/6/2014 19:06,a,a,a,1,1,1,1,1,0,0,0,0,0.05,1,0,0,1,1,1,1,0
2801,554,71,10/6/2014 19:07,a,a,a,1,1,1,1,1,0,0,0,0,0.05,1,0,0,1,1,1,1,0
2786,554,71,10/6/2014 19:07,a,a,a,1,1,1,1,1,0,0,0,0,0.05,1,0,0,1,1,1,1,0
2778,554,71,10/6/2014 19:08,a,a,a,1,1,1,1,1,0,0,0,0,0.05,1,0,0,1,1,1,1,0
2764,554,71,10/6/2014 19:08,a,a,a,1,1,1,1,1,0,0,0,0,0.05,1,0,0,1,1,1,1,0
2766,554,71,10/6/2014 19:09,a,a,a,1,1,1,1,1,0,0,0,0,0.05,1,0,0,1,1,1,1,0
2752,555,71,10/6/2014 19:09,a,a,a,1,1,1,1,1,0,0,0,0,0.05,1,0,0,1,1,1,1,0
2755,555,71,10/6/2014 19:10,a,a,a,1,1,1,1,1,0,0,0,0,0.05,1,0,0,1,1,1,1,0
2733,556,71,10/6/2014 19:10,a,a,a,1,1,1,1,1,0,0,0,0,0.05,1,0,0,1,1,1,1,0
2740,556,71,10/6/2014 19:11,a,a,a,1,1,1,1,1,0,0,0,0,0.05,1,0,0,1,1,1,1,1
2733,557,71,10/6/2014 19:11,a,a,a,1,1,1,1,1,0,0,0,0,0.05,1,0,0,1,1,1,1,1
2735,557,71,10/6/2014 19:12,a,a,a,1,1,1,1,1,0,0,0,0,0.05,1,0,0,1,1,1,1,1
2722,558,71,10/6/2014 19:12,a,a,a,1,1,1,1,1,0,0,0,0,0.05,1,0,0,1,1,1,1,1
2711,558,71,10/6/2014 19:13,a,a,a,1,1,1,1,1,0,0,0,0,0.05,1,0,0,1,1,1,1,1
2714,558,71,10/6/2014 19:13,a,a,a,1,1,1,1,1,0,0,0,0,0.05,1,0,0,1,1,1,1,1
2719,558,71,10/6/2014 19:14,a,a,a,1,1,1,1,1,0,0,0,0,0.05,1,0,0,1,1,1,1,1
2729,558,71,10/6/2014 19:14,a,a,a,1,1,1,1,1,0,0,0,0,0.05,1,0,0,1,1,1,1,1
2711,558,71,10/6/2014 19:15,a,a,a,1,1,1,1,1,0,0,0,0,0.05,1,0,0,1,1,1,1,1
2686,558,71,10/6/2014 19:15,a,a,a,1,1,1,1,1,0,0,0,0,0.05,1,0,0,1,1,1,1,1
2705,559,71,10/6/2014 19:16,a,a,a,1,1,1,1,1,0,0,0,0,0.05,1,0,0,1,1,1,1,1
2685,559,71,10/6/2014 19:16,a,a,a,1,1,1,1,1,0,0,0,0,0.05,1,0,0,1,1,1,1,1
2699,559,72,10/6/2014 19:17,a,a,a,1,1,1,1,1,0,0,0,0,0.05,1,0,0,1,1,1,1,1
2698,559,72,10/6/2014 19:17,a,a,a,1,1,1,1,1,0,0,0,0,0.05,1,0,0,1,1,1,1,0
2680,559,72,10/6/2014 19:18,a,a,a,1,1,1,1,1,0,0,0,0,0.05,1,0,0,1,1,1,1,0
2695,559,72,10/6/2014 19:18,a,a,a,1,1,1,1,1,0,0,0,0,0.05,1,0,0,1,1,1,1,0
2685,559,72,10/6/2014 19:19,a,a,a,1,1,1,1,1,0,0,0,0,0.05,1,0,0,1,1,1,1,0
2681,559,72,10/6/2014 19:20,a,a,a,1,1,1,1,1,0,0,0,0,0.05,1,0,0,1,1,1,1,0
2672,559,72,10/6/2014 19:20,a,a,a,1,1,1,1,1,0,0,0,0,0.05,1,0,0,1,1,1,1,0
2672,559,72,10/6/2014 19:21,a,a,a,1,1,1,1,1,0,0,0,0,0.05,1,0,0,1,1,1,1,0
2671,559,72,10/6/2014 19:21,a,a,a,1,1,1,1,1,0,0,0,0,0.05,1,0,0,1,1,1,1,0
2651,559,72,10/6/2014 19:22,a,a,a,1,1,1,1,1,0,0,0,0,0.05,1,0,0,1,1,1,1,0
2663,559,72,10/6/2014 19:22,a,a,a,1,1,1,1,1,0,0,0,0,0.05,1,0,0,1,1,1,1,0
2665,559,72,10/6/2014 19:23,a,a,a,1,1,1,1,1,0,0,0,0,0.05,1,0,0,1,1,1,1,0
2673,559,72,10/6/2014 19:23,a,a,a,1,1,1,1,1,0,0,0,0,0.05,1,0,0,1,1,1,1,0
2649,559,72,10/6/2014 19:24,a,a,a,1,1,1,1,1,0,0,0,0,0.05,1,0,0,1,1,1,1,0
2665,559,72,10/6/2014 19:24,a,a,a,1,1,1,1,1,0,0,0,0,0.05,1,0,0,1,1,1,1,0
2662,559,72,10/6/2014 19:25,a,a,a,1,1,1,1,1,0,0,0,0,0.05,1,0,0,1,1,1,1,0
2642,559,72,10/6/2014 19:25,a,a,a,1,1,1,1,1,0,0,0,0,0.05,1,0,0,1,1,1,1,0
2653,559,72,10/6/2014 19:26,a,a,a,1,1,1,1,1,0,0,0,0,0.05,1,0,0,1,1,1,1,0
2644,559,72,10/6/2014 19:26,a,a,a,1,1,1,1,1,0,0,0,0,0.05,1,0,0,1,1,1,1,0
2654,559,72,10/6/2014 19:27,a,a,a,1,1,1,1,1,0,0,0,0,0.05,1,0,0,1,1,1,1,0
2641,559,72,10/6/2014 19:27,a,a,a,1,1,1,1,1,0,0,0,0,0.05,1,0,0,1,1,1,1,0
2641,559,72,10/6/2014 19:28,a,a,a,1,1,1,1,1,0,0,0,0,0.05,1,0,0,1,1,1,1,0
2658,559,72,10/6/2014 19:28,a,a,a,1,1,1,1,1,0,0,0,0,0.05,1,0,0,1,1,1,1,0
2647,559,72,10/6/2014 19:29,a,a,a,1,1,1,1,1,0,0,0,0,0.05,1,0,0,1,1,1,1,0
2651,559,72,10/6/2014 19:29,a,a,a,1,1,1,1,1,0,0,0,0,0.05,1,0,0,1,1,1,1,0
2649,559,72,10/6/2014 19:30,a,a,a,1,1,1,1,1,0,0,0,0,0.05,1,0,0,1,1,1,1,0
2664,559,72,10/6/2014 19:30,a,a,a,1,1,1,1,1,0,0,0,0,0.05,1,0,0,1,1,1,1,0
2640,559,72,10/6/2014 19:31,a,a,a,1,1,1,1,1,0,0,0,0,0.05,1,0,0,1,1,1,1,0
2647,559,72,10/6/2014 19:31,a,a,a,1,1,1,1,1,0,0,0,0,0.05,1,0,0,1,1,1,1,0
2641,559,72,10/6/2014 19:32,a,a,a,1,1,1,1,1,0,0,0,0,0.05,1,0,0,1,1,1,1,0
2635,559,72,10/6/2014 19:32,a,a,a,1,1,1,1,1,0,0,0,0,0.05,1,0,0,1,1,1,1,0
2628,559,72,10/6/2014 19:33,a,a,a,1,1,1,1,1,0,0,0,0,0.05,1,0,0,1,1,1,1,0
2624,559,72,10/6/2014 19:33,a,a,a,1,1,1,1,1,0,0,0,0,0.05,1,0,0,1,1,1,1,0
2610,559,72,10/6/2014 19:34,a,a,a,1,1,1,1,1,0,0,0,0,0.05,1,0,0,1,1,1,1,0
2607,559,72,10/6/2014 19:34,a,a,a,1,1,1,1,1,0,0,0,0,0.05,1,0,0,1,1,1,1,0
2620,559,72,10/6/2014 19:35,a,a,a,1,1,1,1,1,0,0,0,0,0.05,1,0,0,1,1,1,1,0
2605,559,72,10/6/2014 19:35,a,a,a,1,1,1,1,1,0,0,0,0,0.05,1,0,0,1,1,1,1,0
2614,559,72,10/6/2014 19:36,a,a,a,1,1,1,1,1,0,0,0,0,0.05,1,0,0,1,1,1,1,0
2614,559,72,10/6/2014 19:36,a,a,a,1,1,1,1,1,0,0,0,0,0.05,1,0,0,1,1,1,1,0
2605,559,72,10/6/2014 19:37,a,a,a,1,1,1,1,1,0,0,0,0,0.05,1,0,0,1,1,1,1,0
2615,559,72,10/6/2014 19:37,a,a,a,1,1,1,1,1,0,0,0,0,0.05,1,0,0,1,1,1,1,0
2603,559,72,10/6/2014 19:38,a,a,a,1,1,1,1,1,0,0,0,0,0.05,1,0,0,1,1,1,1,0
2603,559,72,10/6/2014 19:38,a,a,a,1,1,1,1,1,0,0,0,0,0.05,1,0,0,1,1,1,1,0
2587,560,72,10/6/2014 19:39,a,a,a,1,1,1,1,1,0,0,0,0,0.05,1,0,0,1,1,1,1,0
2616,560,72,10/6/2014 19:39,a,a,a,1,1,1,1,1,0,0,0,0,0.05,1,0,0,1,1,1,1,0
2604,560,72,10/6/2014 19:40,a,a,a,1,1,1,1,1,0,0,0,0,0.05,1,0,0,1,1,1,1,0
2609,560,72,10/6/2014 19:40,a,a,a,1,1,1,1,1,0,0,0,0,0.05,1,0,0,1,1,1,1,0
2615,560,72,10/6/2014 19:41,a,a,a,1,1,1,1,1,0,0,0,0,0.05,1,0,0,1,1,1,1,0
2607,560,72,10/6/2014 19:41,a,a,a,1,1,1,1,1,0,0,0,0,0.05,1,0,0,1,1,1,1,0
2605,561,72,10/6/2014 19:42,a,a,a,1,1,1,1,1,0,0,0,0,0.05,1,0,0,1,1,1,1,0
2605,561,72,10/6/2014 19:42,a,a,a,1,1,1,1,1,0,0,0,0,0.05,1,0,0,1,1,1,1,0
2612,561,72,10/6/2014 19:43,a,a,a,1,1,1,1,1,0,0,0,0,0.05,1,0,0,1,1,1,1,0
2619,561,72,10/6/2014 19:43,a,a,a,1,1,1,1,1,0,0,0,0,0.05,1,0,0,1,1,1,1,0
2606,561,72,10/6/2014 19:44,a,a,a,1,1,1,1,1,0,0,0,0,0.05,1,0,0,1,1,1,1,0
2609,561,72,10/6/2014 19:44,a,a,a,1,1,1,1,1,0,0,0,0,0.05,1,0,0,1,1,1,1,0
2619,561,72,10/6/2014 19:45,a,a,a,1,1,1,1,1,0,0,0,0,0.05,1,0,0,1,1,1,1,0
2610,561,72,10/6/2014 19:45,a,a,a,1,1,1,1,1,0,0,0,0,0.05,1,0,0,1,1,1,1,0
2615,561,72,10/6/2014 19:46,a,a,a,1,1,1,1,1,0,0,0,0,0.05,1,0,0,1,1,1,1,0
2617,561,72,10/6/2014 19:46,a,a,a,1,1,1,1,1,0,0,0,0,0.05,1,0,0,1,1,1,1,0
2607,561,72,10/6/2014 19:47,a,a,a,1,1,1,1,1,0,0,0,0,0.05,1,0,0,1,1,1,1,0
2593,561,72,10/6/2014 19:47,a,a,a,1,1,1,1,1,0,0,0,0,0.05,1,0,0,1,1,1,1,0
2589,561,72,10/6/2014 19:48,a,a,a,1,1,1,1,1,0,0,0,0,0.05,1,0,0,1,1,1,1,0
2591,561,72,10/6/2014 19:48,a,a,a,1,1,1,1,1,0,0,0,0,0.05,1,0,0,1,1,1,1,0
2594,561,72,10/6/2014 19:49,a,a,a,1,1,1,1,1,0,0,0,0,0.05,1,0,0,1,1,1,1,0
2595,561,72,10/6/2014 19:49,a,a,a,1,1,1,1,1,0,0,0,0,0.05,1,0,0,1,1,1,1,0
2596,561,72,10/6/2014 19:50,a,a,a,1,1,1,1,1,0,0,0,0,0.05,1,0,0,1,1,1,1,0
2599,561,72,10/6/2014 19:50,a,a,a,1,1,1,1,1,0,0,0,0,0.05,1,0,0,1,1,1,1,0
2604,561,72,10/6/2014 19:51,a,a,a,1,1,1,1,1,0,0,0,0,0.05,1,0,0,1,1,1,1,0
2593,561,72,10/6/2014 19:51,a,a,a,1,1,1,1,1,0,0,0,0,0.05,1,0,0,1,1,1,1,0
2594,562,72,10/6/2014 19:52,a,a,a,1,1,1,1,1,0,0,0,0,0.05,1,0,0,1,1,1,1,0
2592,562,72,10/6/2014 19:52,a,a,a,1,1,1,1,1,0,0,0,0,0.05,1,0,0,1,1,1,1,0
2593,563,72,10/6/2014 19:53,a,a,a,1,1,1,1,1,0,0,0,0,0.05,1,0,0,1,1,1,1,0
2599,563,72,10/6/2014 19:53,a,a,a,1,1,1,1,1,0,0,0,0,0.05,1,0,0,1,1,1,1,0
2586,563,72,10/6/2014 19:54,a,a,a,1,1,1,1,1,0,0,0,0,0.05,1,0,0,1,1,1,1,0
2608,563,72,10/6/2014 19:54,a,a,a,1,1,1,1,1,0,0,0,0,0.05,1,0,0,1,1,1,1,0
2598,563,72,10/6/2014 19:55,a,a,a,1,1,1,1,1,0,0,0,0,0.05,1,0,0,1,1,1,1,0
2608,563,72,10/6/2014 19:55,a,a,a,1,1,1,1,1,0,0,0,0,0.05,1,0,0,1,1,1,1,0
2600,563,72,10/6/2014 19:56,a,a,a,1,1,1,1,1,0,0,0,0,0.05,1,0,0,1,1,1,1,0
2585,563,72,10/6/2014 19:56,a,a,a,1,1,1,1,1,0,0,0,0,0.05,1,0,0,1,1,1,1,0
2587,563,72,10/6/2014 19:57,a,a,a,1,1,1,1,1,0,0,0,0,0.05,1,0,0,1,1,1,1,0
2584,563,72,10/6/2014 19:57,a,a,a,1,1,1,1,1,0,0,0,0,0.05,1,0,0,1,1,1,1,0
2584,564,72,10/6/2014 19:58,a,a,a,1,1,1,1,1,0,0,0,0,0.05,1,0,0,1,1,1,1,0
2586,565,72,10/6/2014 19:58,a,a,a,1,1,1,1,1,0,0,0,0,0.05,1,0,0,1,1,1,1,0
2591,565,72,10/6/2014 19:59,a,a,a,1,1,1,1,1,0,0,0,0,0.05,1,0,0,1,1,1,1,0
2578,565,73,10/6/2014 19:59,a,a,a,1,1,1,1,1,0,0,0,0,0.05,1,0,0,1,1,1,1,0
2579,565,73,10/6/2014 20:00,a,a,a,1,1,1,1,1,0,0,0,0,0.05,1,0,0,1,1,1,1,0
2562,565,73,10/6/2014 20:00,a,a,a,1,1,1,1,1,0,0,0,0,0.05,1,0,0,1,1,1,1,0
2583,565,73,10/6/2014 20:01,a,a,a,1,1,1,1,1,0,0,0,0,0.05,1,0,0,1,1,1,1,0
2556,565,73,10/6/2014 20:01,a,a,a,1,1,1,1,1,0,0,0,0,0.05,1,0,0,1,1,1,1,0
2563,565,73,10/6/2014 20:02,a,a,a,1,1,1,1,1,0,0,0,0,0.05,1,0,0,1,1,1,1,0
2554,565,73,10/6/2014 20:03,a,a,a,1,1,1,1,1,0,0,0,0,0.05,1,0,0,1,1,1,1,0
2566,565,73,10/6/2014 20:03,a,a,a,1,1,1,1,1,0,0,0,0,0.05,1,0,0,1,1,1,1,0
2569,565,73,10/6/2014 20:04,a,a,a,1,1,1,1,1,0,0,0,0,0.05,1,0,0,1,1,1,1,0
2575,565,73,10/6/2014 20:04,a,a,a,1,1,1,1,1,0,0,0,0,0.05,1,0,0,1,1,1,1,0
2582,565,73,10/6/2014 20:05,a,a,a,1,1,1,1,1,0,0,0,0,0.05,1,0,0,1,1,1,1,0
2575,565,73,10/6/2014 20:05,a,a,a,1,1,1,1,1,0,0,0,0,0.05,1,0,0,1,1,1,1,0
2592,565,73,10/6/2014 20:06,a,a,a,1,1,1,1,1,0,0,0,0,0.05,1,0,0,1,1,1,1,0
2595,565,73,10/6/2014 20:06,a,a,a,1,1,1,1,1,0,0,0,0,0.05,1,0,0,1,1,1,1,0
2592,565,73,10/6/2014 20:07,a,a,a,1,1,1,1,1,0,0,0,0,0.05,1,0,0,1,1,1,1,0
2582,565,73,10/6/2014 20:07,a,a,a,1,1,1,1,1,0,0,0,0,0.05,1,0,0,1,1,1,1,0
2598,565,73,10/6/2014 20:08,a,a,a,1,1,1,1,1,0,0,0,0,0.05,1,0,0,1,1,1,1,0
2588,565,73,10/6/2014 20:08,a,a,a,1,1,1,1,1,0,0,0,0,0.05,1,0,0,1,1,1,1,0
2566,565,73,10/6/2014 20:09,a,a,a,1,1,1,1,1,0,0,0,0,0.05,1,0,0,1,1,1,1,0
2586,565,73,10/6/2014 20:09,a,a,a,1,1,1,1,1,0,0,0,0,0.05,1,0,0,1,1,1,1,0
2599,565,73,10/6/2014 20:10,a,a,a,1,1,1,1,1,0,0,0,0,0.05,1,0,0,1,1,1,1,1
2576,565,73,10/6/2014 20:10,a,a,a,1,1,1,1,1,0,0,0,0,0.05,1,0,0,1,1,1,1,0
2572,565,73,10/6/2014 20:11,a,a,a,1,1,1,1,1,0,0,0,0,0.05,1,0,0,1,1,1,1,0
2575,566,73,10/6/2014 20:11,a,a,a,1,1,1,1,1,0,0,0,0,0.05,1,0,0,1,1,1,1,0
2562,566,73,10/6/2014 20:12,a,a,a,1,1,1,1,1,0,0,0,0,0.05,1,0,0,1,1,1,1,0
2586,566,73,10/6/2014 20:12,a,a,a,1,1,1,1,1,0,0,0,0,0.05,1,0,0,1,1,1,1,1
2575,566,73,10/6/2014 20:13,a,a,a,1,1,1,1,1,0,0,0,0,0.05,1,0,0,1,1,1,1,0
2578,566,73,10/6/2014 20:13,a,a,a,1,1,1,1,1,0,0,0,0,0.05,1,0,0,1,1,1,1,0
2584,567,73,10/6/2014 20:14,a,a,a,1,1,1,1,1,0,0,0,0,0.05,1,0,0,1,1,1,1,0
2592,567,73,10/6/2014 20:14,a,a,a,1,1,1,1,1,0,0,0,0,0.05,1,0,0,1,1,1,1,1
2587,567,73,10/6/2014 20:15,a,a,a,1,1,1,1,1,0,0,0,0,0.05,1,0,0,1,1,1,1,0
2586,568,73,10/6/2014 20:15,a,a,a,1,1,1,1,1,0,0,0,0,0.05,1,0,0,1,1,1,1,0
2588,568,73,10/6/2014 20:16,a,a,a,1,1,1,1,1,0,0,0,0,0.05,1,0,0,1,1,1,1,0
2592,568,74,10/6/2014 20:16,a,a,a,1,1,1,1,1,0,0,0,0,0.05,1,0,0,1,1,1,1,0
2601,568,74,10/6/2014 20:17,a,a,a,1,1,1,1,1,0,0,0,0,0.05,1,0,0,1,1,1,1,0
2594,568,74,10/6/2014 20:17,a,a,a,1,1,1,1,1,0,0,0,0,0.05,1,0,0,1,1,1,1,0
2599,569,74,10/6/2014 20:18,a,a,a,1,1,1,1,1,0,0,0,0,0.05,1,0,0,1,1,1,1,1
2609,569,74,10/6/2014 20:18,a,a,a,1,1,1,1,1,0,0,0,0,0.05,1,0,0,1,1,1,1,0
2598,569,74,10/6/2014 20:19,a,a,a,1,1,1,1,1,0,0,0,0,0.05,1,0,0,1,1,1,1,0
2614,569,74,10/6/2014 20:19,a,a,a,1,1,1,1,1,0,0,0,0,0.05,1,0,0,1,1,1,1,0
2618,569,75,10/6/2014 20:20,a,a,a,1,1,1,1,1,0,0,0,0,0.05,1,0,0,1,1,1,1,0
2638,569,75,10/6/2014 20:20,a,a,a,1,1,1,1,1,0,0,0,0,0.05,1,0,0,1,1,1,1,1
2650,569,75,10/6/2014 20:21,a,a,a,1,1,1,1,1,0,0,0,0,0.05,1,0,0,1,1,1,1,0
2619,569,75,10/6/2014 20:21,a,a,a,1,1,1,1,1,0,0,0,0,0.05,1,0,0,1,1,1,1,0
2623,569,75,10/6/2014 20:22,a,a,a,1,1,1,1,1,0,0,0,0,0.05,1,0,0,1,1,1,1,0
2643,570,75,10/6/2014 20:22,a,a,a,1,1,1,1,1,0,0,0,0,0.05,1,0,0,1,1,1,1,0
